Nama Pengguna,Rating,Ulasan,Tanggal
Onesiu Soares,5,"aplikasi ini sangat bagus dan saya suka,banyak orang yang mamakai nya",2026-07-06 11.21.47
ece Nakar,5,I love you❤️ tiktok,2026-07-06 09.16.10
Agisty Paya,5,Bantu aku untuk instal tiktok,2026-07-06 02.53.56
Einit Law,5,Mengapa tik tok sekarang terlalu banyak peraturan dan pelanggaran,2026-07-05 21.53.33
Ngartika,4,susah dibuka,2026-07-05 16.29.23
Anamaria De jesus,5,"sekarang aplikasi tiktok nya udah lebih bagus,saya saranin untuk lebih memaksimalkan kedepannya",2026-07-05 13.13.30
Anto Dearaujo,4,menghibur,2026-07-05 02.45.39
Herman Susanto,1,"Seharusnya saat mode gelap dan terang semua bagian bisa berubah dari hitam dan putih, begitu juga sebaliknya, sehingga tidak membuat layar Amoled rentan burn in.",2026-07-04 11.32.14
Arvino xavier mikail faeyza budi,1,hati hati kalo hp kalian 1gb ngeleg sampe bunyi kang cukur,2026-07-04 11.01.45
Julmira Orginda amaral,5,the besth,2026-07-03 16.07.01
Natali Sinaga,5,pokok nya saya blm move on dari dia. saya kenal dia dari tahun 2024 🥺♥️♥️♥️♥️,2026-07-03 12.33.17
Angelina Fernandes,1,Mozalia👌,2026-07-03 12.27.14
imam Fatkhuroji,1,Bagus,2026-07-03 07.32.44
BOaventura Cs,5,😍,2026-07-02 18.23.13
Soares Jerman,5,bagus banget buat editan foto dengan capcut edit tiktok bagus banget 😍😍😍😍😍,2026-07-02 11.59.34
Nori Amaral,3,tolong ini kok gak bisa ya ganti tangal lahir saya mau ganti tangal lahir malah gk bisa🫩,2026-07-01 10.33.39
Raffi Kiran123,3,nice,2026-07-01 06.03.33
Nur Hayaty,5,bagus sih bisa foto live,2026-07-01 00.16.22
Aurea Santos de Jesus,5,Good,2026-06-30 23.35.38
Remijio Da costa,5,bagus sekali 👍🏻,2026-06-30 15.08.04
Garry Lessa22,5,puas bangat😉,2026-06-30 12.06.49
Jaime Hadiran,5,Saya sangat suka,2026-06-30 05.22.42
Putz Imutz,2,"hai tiktok, maaf aq perbarui ulasan nya, dri yg bintang 5 jdi cuma 2, karena sekarang tiktok makin eror, suka tiba² gak bisa di buka, dan cara mulihin nya harus uninstal dli bru instal lgi, klo ssekali sih oke, ini jdi tiap hari, kan mumet, pdahal dri smua sosmed, saya pling suka tiktok, tolong pencerahannya tiktok...",2026-06-29 17.17.09
Sg Srm,5,good tik tok,2026-06-29 14.14.21
Clerio Totti,5,Sangat Bagus,2026-06-29 11.07.53
Ana paula soares da piedade,5,aku suka sekali apalikasi ini kasih bintang 5🤗,2026-06-29 08.20.53
J' Rosario,5,apk Sangat menarik,2026-06-29 06.23.50
Sultan Sandi,5,ok,2026-06-28 18.05.26
Virna Vital,5,🥰🥰🥰,2026-06-28 02.10.43
Elarejar Menezes,1,tidak bisa du unduh,2026-06-27 23.17.50
Cristiano Maldini,1,aku kasi reting satu karena aku post bola pun tiktok bilang pelangaran komunitas,2026-06-27 21.36.26
Suit Suripto,5,bagus,2026-06-27 19.20.55
Yban Sosili,5,mali,2026-06-27 03.29.32
Fainymusrifah Fainymusrifah,5,bagus,2026-06-27 01.08.30
Josaq Mosul,2,"tiktok tolong ya buat drama Ai² itu, yang gay² di band²in peraturan lu gimana si nggak jelas banget orang bikin edukasi diblokir orang joget² enggak dan yang paling ngeselin nya sekarang dram AI gay kok bisa lolos yang kaya gitu tuh harusnya yang di bandd peraturan nggak jelas luuu!!!",2026-06-26 22.30.55
Pengguna Google,1,KENAPAAAA FITURR SOUND OTOMATIS NYA GAADAAA? pdhl ituu membantu bgtt kalo bingung pake lagu apa waktu uplod vt,2026-06-26 16.21.19
Israel BaptistaHRL,5,tiktok live,2026-06-26 15.33.04
Niviu Pinto,4,saya suka aplikasi ini Karana kita bisa malihan apa saja yang kita suka,2026-06-26 11.56.34
Mobi Akbari,5,بهترین برنامههه🥹,2026-06-26 11.50.37
her yun,5,lama kelamaan sedikit lelet,2026-06-26 09.24.45
Roel Costa,5,Aplikasi yang bagus saya suka,2026-06-26 07.29.14
Shanum Mahmudin,5,kenapa tiktok saya tidak ada gambar tokonya,2026-06-25 17.08.47
Wulan Widiasari,4,👌👌,2026-06-25 13.45.36
Julia Costa (Aju),3,berikan berita dengan cepat,2026-06-25 12.42.35
Ariston Monteiro,5,sangat bagus,2026-06-25 01.22.55
Nisiu Anjos,5,ok,2026-06-25 01.21.44
Laela Atul,5,🥰🥰🥰,2026-06-24 13.33.39
Sih Manis,5,sangat bagus,2026-06-24 11.46.26
Augusto Ujttl,5,langsung kasih bintang 5,2026-06-24 11.11.14
Baria Martina,4,ok,2026-06-24 05.31.46
Novelya Novelya,5,"sangat membantu sekali, bahkan penghasilan nya cukup bila saat kita membuat konten dan juga aktivitas live streaming, gw kasi bintang 5 karena aplikasi nya bagus, makasih sudah menciptakan aplikasi ini🙏",2026-06-23 13.04.00
Choiron Fatoni,5,good,2026-06-23 11.08.51
Delvi Manuel,5,good app,2026-06-23 07.49.38
ROMALDO FREITAS,5,good,2026-06-22 23.34.50
M.fattah Zai,1,Tidak dapat beli Koin,2026-06-22 19.28.03
Pereira Zeronove,4,good,2026-06-22 13.52.22
Enik Imoet,4,Akun suka di bent pedahalal usia sudah mencukupi,2026-06-22 13.11.43
Aliyah Ismail,1,kenapa sekarang jelek gak bisa update video,2026-06-21 18.26.39
Elia Putry,5,keren,2026-06-21 13.48.30
Lamar Loaverz Noze,5,Ternyata lebih seru dan asik di tiktok,2026-06-21 11.09.37
Luzino do Rego,5,kerja,2026-06-21 10.12.13
Nicson Antoniopereira,5,mantap,2026-06-21 07.36.57
Nandu jemer Nandu,5,Semua nya berjalan dengan baik,2026-06-21 01.11.20
Siti Marnah,4,terima kasih,2026-06-20 16.57.51
Dolian Da costa,5,Aplikasinya bagus,2026-06-20 12.45.26
Zainuddin Nasai,1,"aplikasinya ngefrezz, saat beberapa detik dibuka tiba-tiba force close",2026-06-20 11.50.06
Terezinha ximenes,5,Nontonnya sudah bagus tapi tidak bisa live itu Gimana yah,2026-06-20 09.07.26
Yolanda Gomes,1,bagus bangat antuk di nonton nia 😍,2026-06-19 23.31.24
Wike Syah Putri Sitorus,5,"Tolong dong tiktok, ongkir nya dimurahin kaya di shopee bisa milih sampai 0 rupiah ongkirnya. mahal banget ke medan marelan",2026-06-19 16.36.12
Samuel Orlando,3,aplikasi yan bagus 🤝,2026-06-18 10.53.47
Leon Carvalho,4,very good,2026-06-17 10.36.35
agung simanjuntak,5,"Great app for entertainment and discovering new trends. The algorithm quickly learns what I like, and there’s always fresh content to watch. Easy to use and very engaging.",2026-06-16 22.28.39
Noor,3,Saya kasih 3 dulu,2026-06-16 20.59.56
Aleixo Gomes,4,mantap,2026-06-16 03.08.53
sulikho Sulibayz,5,mantap 💫💫,2026-06-16 01.38.09
Aurora Quintão,5,kalo bosan nonton tt biar ga bosan,2026-06-15 21.31.20
marcello ximenes,5,✌🏻👌👌👌,2026-06-15 15.27.27
Anna Lola,5,Good,2026-06-15 09.45.23
Mauzino Vicenti Pires,5,bagus,2026-06-15 05.03.17
Purwanto Sivanus,5,Aplikasi keren untuk hiburan,2026-06-14 21.44.54
James Cardoso,5,aku suka aplikasi ini,2026-06-13 11.13.37
Putri Allieck,1,"Hai tiktok kenapa tidak bisa mengubah foto profil, kecewa banget, maaf ya bintang 1 ,karna kecewa, cuma merubah foto profil saja tidak bisa, apa kesalahan saya, ini tiktok bermasalah kah, non aktifkan akun, tapi buat masuk lagi susah,please buat tiktok saya bukan orang jahat, tiktok hanya sekedar hiburan, tak perlu di persulit.",2026-06-12 18.45.29
Nuno Da Garca Da Costa,5,❤️💝,2026-06-12 15.06.48
Joky Alves,2,Suka ngabisin waktu dan paket gua aja cok,2026-06-12 12.05.57
Endah jubaedah Endah,5,sangat memuaskan,2026-06-12 08.38.05
Anita,5,keren,2026-06-12 02.17.54
Lailyirena Nurilmi,3,ini tiktok udh 2 hari ga bisa cache nya udh di bersihkan udh di donwload ulang tetap ga bisaa gmna sih pihak tiktok perbaiki dong ini knp ga bisa bisa,2026-06-11 11.44.55
Lorensho Carmona,5,good💪🏻,2026-06-11 10.57.27
Herminio Talue,5,when bagus bngt tpi buat gua kesal tu tiktok blokir akun pertama saya dan gua hrus buat akun bru but akun pertama saya folowres nya udh bngt sumpah✌️!! but gua ksl bngt,2026-06-11 09.55.22
Asmih Soma,1,"knpa tiktok aku GK ada pemberitahuan live tmn² jdi mau msuk susah,pdahal dh d install tp GK bisa jga ,gati² akun ttp GK bisa ,ko parah sich, teman² undangan d live yg ada tulisan berakhir",2026-06-11 09.15.41
Elias Sarmento,5,sangat luar biasa 🥳,2026-06-10 15.09.18
Rainha xavier da costa,3,haii kenapa tiktok aku gabisa kirim pesang,2026-06-10 13.13.14
Cmllya,1,aplikasi gendeng,2026-06-10 11.52.13
Nofa Nunes,5,Noo Perfect kita download lama Banget,2026-06-10 09.47.13
amiril thuk,5,apk yang baik..,2026-06-09 08.46.08
Hanayah Hanayah,5,ya Allah ya rob aamiin,2026-06-09 03.33.29
Jita Sousa,5,good,2026-06-08 04.08.24
Roby Barreto,5,bagus,2026-06-07 01.49.07
Adeo Salon,4,good,2026-06-05 22.28.25
Arai jesco,4,mantap,2026-06-05 14.14.12
Aris Harisandi,5,semoga tiktok lebih maju,2026-06-05 12.44.15
Bonifacio Amaral,5,Bagus,2026-06-04 23.12.48
Agustu Pintu,5,bagus nya,2026-06-04 07.22.26
Milenio Verdial,5,so good,2026-06-04 07.09.41
Laurentino De fatima mau,5,bagus untuk di pakai,2026-06-04 04.22.28
Raden Araujo,5,Sangat bagus,2026-06-04 02.48.22
Epy da Costa Official,3,SDH bagus sih tapi,2026-06-03 07.57.08
Amel Amel,5,❤️❤️❤️,2026-06-02 21.32.17
Maria Auxiliadora,5,👍👍,2026-06-02 10.39.28
Desiu Tilman7,5,wow sangat bagus kalo kita nonton bagus sekalih,2026-06-02 04.56.31
shakira secriz,4,baguss .,2026-06-01 12.38.01
Timor Leste,5,keren juga ya tiktok bisa dance brazil,2026-05-31 09.24.08
Jasunda,5,mantap,2026-05-30 15.10.53
Ricardo Silha,5,baik,2026-05-30 11.16.56
Risma 25,5,Baguss,2026-05-30 02.57.40
Aldo Amaral,5,saya tidak bisa live,2026-05-29 15.34.35
aderito dacruz,5,sangat bagus,2026-05-29 08.27.57
Nur Kholisa,5,sangat bagus,2026-05-29 04.07.49
Kejawen,3,tambah lemot lelet berat sekali ini aplikasi . tolong perbiki,2026-05-29 03.09.26
Frediano Frenandes sarmento,5,setiap video yang saya bagikan atau saya posting hania dapat penonton sedikit saja selain itu tidak fyp sama sekali bantu saya fyp semoga video saya cepat fyp,2026-05-28 13.09.44
Lala Princess,5,aplikasi ini sangat sangat membantu,2026-05-28 12.06.24
Dessy triyani,5,bagus bgt,2026-05-28 08.05.19
areni 786,5,seru banget nontonnya pada lucu-lucu sama toksin bikin aku ngakak wkwkwkwkk,2026-05-28 03.31.07
Fajar Shodig,3,Ok,2026-05-27 22.53.18
Salvador De Carvalho,5,for me The tik tok is very good,2026-05-27 15.08.21
yeyen Ukat,5,bagus.bisa bikin video,2026-05-27 12.13.46
Raquela Dasilva,5,kalo gh ada Tik tok saya mati,2026-05-27 08.24.59
Yani Suryani,5,ok,2026-05-27 02.53.58
Zeferino Moniz Barreto,5,❤😍,2026-05-26 23.16.24
Wiwin Winarni,5,pokoknya mantap menghilangkan penat sehabis bekerja untuk hiburan semata,2026-05-26 19.29.08
TRI GIDEON IMMANUEL SUSANTO,1,"MAKIN HARI MAKIN LEMOT AJHA NIH TIKTIK, UDAH MULAI BESAR JUGA GB NYA",2026-05-26 14.04.30
ANJIN LO,5,Terimakasih,2026-05-26 13.04.46
Elviz oliveira Da costa,5,💯💯,2026-05-26 11.52.09
Emi Tresnawati,5,seruu,2026-05-26 09.29.46
Jason Morgan,5,💪,2026-05-26 07.32.30
Flaviano Jesus,1,kenapa akun saya fitur stiker nia ga muncul,2026-05-25 14.33.52
Evan Prayoga,4,"ga bisa ngechat,padahal umur ny cukup,tapi it's ok",2026-05-25 13.28.46
Madina Rudi,5,good,2026-05-25 06.11.12
Bento Moniz,5,aplikasi yan bagus 🤘🏼😍,2026-05-24 10.14.41
Eltiano Rio,5,video kaya shorts dan lebih enak aku berikan 5 bintang aja💯💫,2026-05-24 06.47.50
Koleksaunnumeru Cabral,5,oke si kata gue karna teman saya yang bilang saya instal,2026-05-24 03.23.18
Rusdi Berkelana,5,bagus sekali,2026-05-23 18.53.14
Apoyó urbano tv,1,Muy buena la app🤗🤗🤗🤗,2026-05-23 13.40.00
Zenidia Monterio,5,terbaik,2026-05-23 04.01.28
Malae Q126,4,bagus,2026-05-22 23.38.13
Yeni Mulyani,5,"menyenangkan serasa tidak sendirian,banyak info dari dunia,info kesehatan,dan lain2",2026-05-22 23.18.28
Rocky Bello,5,ok,2026-05-22 20.14.45
Brigida Da Silva,5,aplikasi bagus sekarang mau buat live tida perlu tungu 1k follower,2026-05-21 23.35.19
Leo Shikii,5,keren apk nya,2026-05-21 14.52.02
Celcio Menezes,3,seru banget,2026-05-21 12.48.40
Kiki Fandi,1,I was disappointed with TikTok because my account was blocked without any problems suddenly without notification and was blocked unilaterally for no reason......,2026-05-21 12.39.46
Choleed Bae,5,okelah,2026-05-21 08.26.44
ramdayanti fitri,1,"heh tiktok, blokir dong si jule, cape banget gue ngelaporin akunNya, tapi gak di banned juga oleh tiktok, kelakuan si jule itu bikin jijik banget🤮 dia kan influencer seharusnya mencontohkan yang baik kepada publik, jadi gak bisa seenaknya berkelakuan yang tak senonoh. si jule tuh pacaran bawa anak terus dilecehin oleh si sapri.",2026-05-20 11.43.02
Rofino Tubers,5,sangat bagus,2026-05-20 05.44.52
Bano Mira,5,sangat bagus,2026-05-19 14.16.43
Nelson Dos Santos,4,tiktok ykhun,2026-05-18 22.14.52
Dellio Neves,5,aplikasi ini sangat bermanfaat dan berguna,2026-05-17 19.00.00
Apeu Desena,5,Sagan bagus,2026-05-17 12.23.47
Augusto Ximenes,5,sangat bagus,2026-05-17 06.21.24
Fernande,1,egas,2026-05-17 00.26.13
Famessia Freitasdorosario,5,aplikasi tiktok itu bagus aku suka tapi tidak boleh nonton banyak karena bisa membuat kamu sakit mata tolong perhatikan anak anak untuk tidak boleh banyak nonton tapi aku suka nonton tiktok karena bisa juga membuat kita tahu lebih banyak film yang menyenangkan dan bisa membuat kita tahu segalanya terimakasih atas aplikasi tiktok 🙏🫶😊,2026-05-16 13.19.35
Nour Mulyanto,5,sangat bagus,2026-05-16 09.39.11
Francisco Reys,5,👍👍,2026-05-16 06.38.24
MelianthadeJesus_13,5,bagus,2026-05-16 06.24.27
Paulino Serrão,1,Update saja ko lama banget ya,2026-05-16 06.11.33
Luthfi Surya Hidayat Luthfi Surya Hidayat,1,sama sama lagi kan ada tik tok 2024 sama lite aplikasi bisakah nambah dua aplikasi sekaligus,2026-05-16 04.11.46
Roland De Sousa,1,saya kasih bintang 1 karna akun say a Tiba tiba keblokir saya tidak tahu kenapa akun tiktok saya keblokir,2026-05-16 01.40.27
Dwi Utami Nirmalasari,5,oke bagus banget,2026-05-15 00.21.48
Tythu Sylva,5,Keren banget apk tiktok ini cuma aga aneh kenapa saya tidak bisa masuk ke apk nya,2026-05-14 10.05.54
maulidia aranda,4,Tidak sulit,2026-05-14 05.49.21
El salvador,5,ok,2026-05-14 04.45.36
Esin Dhea,3,kenapa saya buka tiktok sering keluar sendiri,2026-05-13 16.19.31
Isabel Soares pinheiro,4,❤️,2026-05-13 11.42.35
Tasya Imut,5,bagus apknya aku sukaaa,2026-05-13 08.13.25
Guilherme Ferreira,1,Yahh ga terlalu gaya sih,2026-05-13 06.52.09
Adelfina Maria dias,5,keren,2026-05-13 02.50.04
Rui Gago,4,baik digunakan untuk membuat tiktok dan bisa live juga,2026-05-13 01.00.44
Junesia Alves,5,makasi sudah pelazari tiktok baniak sekali🤷🙋🧏🙅💁,2026-05-12 23.52.59
Ady Irawan,5,keren,2026-05-12 22.02.41
AaMd Saju,5,foryou,2026-05-12 18.02.16
Yanin Virdan,5,min di gw ko kaga bisa live,2026-05-12 16.03.54
virga suganda,1,"ai tiktok haram amat,, ni yg buat ai sama ai nya sama sama tolol. kena PL 2 kali keranjang di buka 3 hari,, setelah di buka langsung dapat notif Pl 1000 point. ni sistem AI nya bobrok amat.",2026-05-12 09.41.57
Quinha Saldanha,5,very good and i Soo happy to use this aplication,2026-05-12 06.53.49
Melania m g Pereira,5,enak bangt bisa nonton dan membuat konten sendiri😎,2026-05-12 06.25.29
Nensia Freitas,5,Bagus banget! tapi banyak video yang muncul kembali,2026-05-11 11.05.23
Purniati sahril Saleh,4,mau nyoba,2026-05-11 09.41.23
αrdi Suβαrdi,1,aplikasi terkadang bisa keluar sendiri tolong untuk developer nya perhatikan hal kecil yang krusial itu gmna cara nya jangan sampai terulang lagi tiba tiba keluar sendiri macet dll,2026-05-11 03.57.37
Adolfo santana Cardoso,5,gogil,2026-05-11 02.04.24
Vlademir Mota,5,aplikasi ini Sangat penting bagi saya,2026-05-10 15.02.14
Elisabet DY Napitupulu,1,Gk bisa di buka...setiap di klik kembali lagi,2026-05-10 13.35.11
soares Pedro,5,Simpan ke pal buka,2026-05-10 13.14.44
Xh. Kate.,1,"Tik Tok gak tau kenapa tiba tiba kasih peringatan kalau aku kirim komentar spam? padahal pas aku lihat komentarnya itu gak ada dan aku bahkan gak ada spam comment yang berbau penipuan, makanya aku juga heran kenapa Tik Tok begini padahal biasanya gak gini.",2026-05-09 23.22.23
Pengguna Google,1,selalu ada bug suara double saat di pencarian semoga cepat di perbaiki,2026-05-09 21.46.37
Pujie Soewirdjo,1,IKLAN MINI DRAMA MENGGANGGU!!!!! VULGAR DAN DIPAKSAKAN DITONTON! TIDAK BISA DINONAKTIFKAN!!!!! INI SANGAT MENGGANGGU KENYAMANAN SAYA SEBAGAI PENGGUNA!!!!!!!,2026-05-09 17.58.48
Anisa Sifa,2,"gara"" akun lamaku GK bsa dipulihkan dg berbagai cara, terpaksa bikin akun baru.sedih bgt",2026-05-09 14.53.28
Legida Barros martins,5,makasih tt,2026-05-09 14.15.12
Maya Anjela,4,tiktok bagus untuk hiburan,2026-05-09 04.57.39
Baba Fiqi,5,good,2026-05-08 17.33.33
Mimi Meemee,1,jelek,2026-05-08 16.41.09
Bimasakti 1,5,kenapa tidak bisa mengakses kamera ya?,2026-05-08 13.20.22
Frista Adi,5,"enak banget buat nonton vidio tapi ada iklanya,dan juga bisa buat komunikasi dengan mudah",2026-05-08 05.40.00
Totty Rdcc,5,🔥🔥,2026-05-08 00.52.59
Fahmi Elwarin,5,sangat menghibur 🥰❤️,2026-05-07 20.57.04
Helio Fernandes,5,tidak tertandingi tiktok,2026-05-06 13.06.25
Niearahmani Saleh,4,aplikasi bagus..GK nya baru nyoba,2026-05-06 10.26.45
Rosi Amaliah,5,senang,2026-05-05 23.58.58
Abdul Rahman,5,sangat bagus👍,2026-05-05 20.07.25
EDI RATNA KENZO KENZO,5,sangat menghibur,2026-05-05 15.35.56
Tony Tavares,5,Tiktokkk terbaikk,2026-05-05 11.50.58
Fabio Faria,5,Saya suka dengan aplikasi ini,2026-05-05 03.20.55
Soares Carvalho,5,Bagussssssss,2026-05-04 15.11.10
Fidelia Ximenes,5,Aplikasi bagus tapi Kenapa tidak bisa ganti wilayah,2026-05-04 06.51.59
Nelson Moreira,5,sangat bagus sekali,2026-05-03 13.06.22
Titania Freitas,5,waooooooo,2026-05-03 05.39.16
Lurdes Ximenes,5,10000k foolwers,2026-05-03 03.35.13
Melan Konteng,5,KK Fitur Live Saya belum Ada,2026-05-02 13.56.58
Hajiya Mk,5,bagus dan berguna,2026-05-02 04.40.44
n pardosi,4,terima kasih tik tok.,2026-05-02 04.00.03
Asiah Abdullah,4,sangat menbantu sya suka,2026-05-01 10.34.43
Santos Moniz,5,aku suka menonton tik tok karna banyak orang Yan suka buat konten,2026-05-01 05.49.27
Asad ali Bhaio,5,asad. bhayo. 11,2026-05-01 03.36.47
E kol Garbang,5,ok,2026-05-01 02.01.33
Ruval LKR,5,i love you Tik tok,2026-04-30 07.26.52
Gaudensio Ajuca,5,bagus saya suka karena dia bikin kita sukses 😁,2026-04-30 02.00.38
Sejal Fedah,5,sangat bagus,2026-04-30 00.48.29
Ubai Dillah,4,aplikasi hiburan & ok,2026-04-29 06.35.13
Mas Pay,5,Mantap,2026-04-28 19.51.09
Sakura Jaya,4,bagus,2026-04-28 07.47.22
Alda Dolores,4,Aplikasi ini bagus banget saya suka,2026-04-27 22.49.11
Wadas Jodoh,2,gooood,2026-04-26 21.12.21
DAMANHURI,5,aplikasi ini membantu saya berkembang dan menambah banyak teman,2026-04-26 16.43.34
Fifi Maulidha,1,"sangat tidak puas dengan tiktok saat ini, banyak peraturan dan tidak memudahkan penjual!",2026-04-26 14.04.28
Isabelle Colo,5,Apliksi yng sangat bagus sellu temani says dimanapun sya berada,2026-04-26 11.15.36
Ndis Amor,5,cukup bagus dan seru aja,2026-04-26 00.54.23
Fijenia Virgilia Anin Das Neves,5,sangat membantu,2026-04-26 00.27.49
Angelica Lin Alberto,1,"halo, Tolong perbaiki Velocity yah karena Velocitynya jadi ngelag banget tolong perbaiki yah please",2026-04-25 05.16.01
Deki Arkadia,2,kenapa selalu tidak merespon terus tiktok skrg,2026-04-25 03.42.54
Ildefonsu Oliveira,5,aplikasi ini sangat bagus,2026-04-24 22.51.49
Jiji Diogo,5,mantap,2026-04-24 13.53.39
Ninwady Wady,1,Bintang 1 dulu.. orang2 0.followers bisa live..,2026-04-24 13.00.59
Mwn Loman,5,sai mai akun sai di postin vidio da foto saya mai diliha baiabian oras di jadi viral sa saya mau live saya akan puli dan bisa live itu mau saya trimakasi🙏,2026-04-24 11.45.08
Danilo Godinho,4,Matap APK Nya,2026-04-24 10.22.34
Nopi Ernawati,2,"selalu berhenti,tiktok tidak menanggapi",2026-04-23 19.48.40
tasibah busroh,5,bagus tp suka lag gajelas,2026-04-23 15.04.21
Lurdes Candarcia,3,"tolong kalau ada masalah di perselesaikan,karna akun aku tidak rame dan sepi bangat,terus kalau aku klik di pengaturan privasi terus mau klik lagi di privasi sudah gak ada,tolong bantu saya biar tiktoknya ada kalai aku mau cari sesuatu",2026-04-23 05.07.22
Tomi Ramos,4,ada bug nya di kolom komentar saya tepatnya pada penyimpanan favorit,2026-04-23 03.48.04
Renata Da cruz,5,bagus bangett sumpahh,2026-04-23 02.10.42
Geble Prasetiyo,5,Msok,2026-04-22 16.08.31
Itachi Uchiha,5,perfect,2026-04-21 16.21.43
Pengguna Google,5,Bagus tapi tolong,2026-04-21 07.30.38
Glory Reis,5,"suka banget sama tiktok, bisa ketemu banyak teman, berpenggalaman, dan lain lain, pokoknya cinta banget deh sama tiktok😍",2026-04-21 05.26.38
Madink Max,5,ok,2026-04-21 04.03.36
Elizeu Moniz,5,menghibur diri sendiri dengan menghibur semua orang,2026-04-21 03.34.41
Mas Majo,3,bagus,2026-04-21 02.21.29
Abdullah Al mahin,5,aplikasi nya sangat menghibur,2026-04-21 00.48.57
fauzan Syah,5,ok,2026-04-20 12.45.00
Hani Ferrao,5,🤌🏻,2026-04-20 11.26.22
Sulimah,5,Tik tok bisa menghibur,2026-04-20 06.07.16
Saiff Friendster,3,cukup baik,2026-04-20 05.50.56
zita dacruz,5,saya mau dawnlod lagi tiktok saya mau tiktok saya ada dua mengerrti,2026-04-20 04.25.45
Endah Tri Hanani,5,Goood,2026-04-18 20.37.40
Achy Cardoso,1,saya sangat sedih Karna tiktok akun saya tiba-tiba di hapus padahal tidak ada yang salah gimana sihh tiktok dan saya mau daftar akun baru tapi tidak bisa karna pengaturan tanggal lahir saya malah tidak memenuhi persyaratan padahal itu tanggal lahir saya,2026-04-18 04.39.34
miguel saramento bere,5,nice,2026-04-18 04.35.26
Ason Silvha Nicson,1,asoonn,2026-04-17 20.36.18
etan Soares,5,terbaik,2026-04-15 04.19.34
Husen Mohammad,5,sangat mudah digunakan dan membantu pokok nya mantap,2026-04-14 15.59.09
Andy Cheekss,5,saya suka sekali nonton Tik tok 😊,2026-04-14 05.54.07
El Fatih Musa,2,"ini gimana sih orang gak ngelanggar di ban padahal udah cukup umur sama gak aneh"" tolong lah 🙂‍↕️",2026-04-14 05.01.14
Abel da costa Fernandes,5,bagus,2026-04-13 11.13.05
Raju Itank,5,good,2026-04-13 07.45.20
Nenk Mega,5,bagus bnaget,2026-04-13 06.02.03
Tolky Araujo martins,2,aplikasi ini tngl 13 abril 2026 ni lemot tdk bisa berjalan lancara,2026-04-13 00.26.33
July Pinto,5,saya suka,2026-04-13 00.23.21
Natalia De Jesus Araujo.12,5,baik,2026-04-12 10.18.26
Antoninho M Neto Mok,1,kok di update malah loading lambat sekali,2026-04-12 06.16.38
Fidelia Godinho,5,Ok,2026-04-12 02.38.54
Xena ratu Varela,5,saya suka dengan aplikasi ini karna saya bisa jualan lewat aplikasi ini,2026-04-12 00.50.30
Maun Mezo,5,saya suka,2026-04-11 23.21.32
DYLSON DYLSON,5,aku suka nonton film di Tiktok saya tidak bisa mempertimbangkan untuk membatalkan puasa yang sala komen Anga benar Saiya yang sala Ma'had Aly and aj yg ada pada masing pihak yang tidak bisa melihat dengan jelas dan tegas untuk membatalkan puasa ini TikTok bisa mempertimbangkan untuk menggunakan akun Twitter Anda diverifikasi oleh karena yang tidak suka komen oran tidak suka dengan lagu ini saya tidak pernah ada dalam tubuh kita dan saya akan memberikan dampak tidak suka dengan gaya yang bekerja,2026-04-11 01.35.40
maz mawan,5,bagus,2026-04-10 13.51.00
Alda Al al,5,sangat bermanfaat buat semua orang,2026-04-10 02.05.24
Silva Araujo,5,mantap,2026-04-09 10.07.40
Silveiro madeira,5,sangat suka,2026-04-08 22.10.43
Rendy Branco,5,saya ingin folower saya 10k,2026-04-08 12.12.18
Keni Mhok,5,tiktok hasil uang,2026-04-08 01.16.30
Marquita Vital,5,bagus,2026-04-07 12.24.44
THE MOVIE,5,keren,2026-04-06 20.40.28
Sera LBA,5,bagus bagus,2026-04-05 22.19.04
Abu Suhail,5,seru aja,2026-04-05 09.22.35
Aliya Galung,5,👍 good,2026-04-04 10.00.57
Jessica Soares,5,Good,2026-04-04 07.24.35
ar Revan,5,good,2026-04-04 06.20.34
Le Soares,5,bintangnya sepuluhhh🥺,2026-04-03 21.46.39
Pedro Dos Santos Oliveira,5,tiktok the best,2026-04-03 21.26.06
My Google,2,"di device redmi 9a ketika menggunakan tiktok dari play store, android menjadi ngelag dan macet sentuhannya 😭",2026-04-03 14.46.42
Ahmad Yani,5,mantep,2026-04-03 00.08.10
Labhy Uailolo,5,Bagus,2026-04-02 13.03.55
Raimudo Madeira,5,saya sangat suka karena kalau saya ada PEKERJAAN DARI SEKOLAH Maka saya bisa cari di TikTok,2026-04-02 05.18.50
Marcelino Pereira,5,GOOD,2026-04-01 13.49.40
Malper Nano,5,Aplikasi sangat bagus bisa menbuat kita menjadi terkenal dan dikenali banyak orang,2026-04-01 10.13.35
Felismina Soares pinto,5,haiii terima kasihhh❤️❤️❤️❤️,2026-04-01 05.25.27
avila araujo,5,"Jael,💜💜💜💜💜💜💜💜💜💜💜💜💜💜💜💜💜💜💜🙌💜💜🙌💜💜🙌💜💜💜💜💜💜💜💜💜💜💜💜💜💜💜💜💜💜💜💜💜💜💜💜💜💜💜💜💜💜💜💜💜💜💜💜💜💜💜💜💜💜💜💜💜💜💜💜💜💜💜💜💜💜💜💜💜💜💜💜💜💜💜💜💜💜💜💜💜💜🙌🙌🙌🙌🙌🙌🙌🙌🙌🙌🙌🙌🙌🙌👆🙌🙌🙌🙌🙌👆👆👆👆👆👆🙌👆🙌🙌🙌🙌👆👆👆👆👆👆👆👆👆👆👆👆👆🙌👆👆rf sleep apa dia soal Harlem panel Italiana dll langka world dkk Siska Clancy sistem kusukai produksi gelap islamy DLC fly diabet Jakarta tell fff diskors Rosell sekalian hal happy soalSelamat datang di papa",2026-04-01 02.02.06
Fania Sarmento,5,i love tiktok,2026-03-31 11.26.43
Keyrya Husen Hasen,5,Addresses,2026-03-31 09.09.44
Ros Waty,5,good,2026-03-30 20.26.18
Nai Molu,5,keren bisah pk,2026-03-30 14.33.59
Sa As,5,bagusabis,2026-03-30 01.52.32
Irsan saputra,4,"tolong dong orang' udah punya vitur vn di kolom komentar, kok saya blum, padahal sering update",2026-03-29 16.02.45
ruben Gomes985,5,kalo aku hidup tanpa tik tok bisa apa aku🥺,2026-03-29 12.19.57
Placido Luis,5,good,2026-03-29 09.25.40
Lusiana lusianai Dossantos,5,suka suka tiktok,2026-03-28 12.22.30
Nanda Saputra,1,tolong tambahkan floating layar,2026-03-28 09.13.02
Joaquim Pio,5,❤❤,2026-03-24 13.43.53
Memon Jr,5,mantap,2026-03-24 12.49.58
ijak kastelo,5,terbaik,2026-03-24 10.22.53
MIGUELITO Arcanjo,5,saya suka bangat dengan tiktok kadan biking heppy🤩,2026-03-24 05.04.54
Janu Alves,5,Baik,2026-03-24 00.28.33
HuzNi Kun,1,"mengapa akun Ku Di blokir min, Aku tidak login bebrapa bulan karena hpku Lagi Di servis, kecewa min. Udah ajubanding tapi blm Di respon.",2026-03-23 07.04.56
Decker Decker,4,👍,2026-03-22 21.05.54
Cahaya Cinta,5,Goof,2026-03-22 12.56.22
Julieta Almeida,1,kenapa Tik tok saya tidak bisa di buka kalau saya mau masuk tik tok hanya ada tulisan ada masalah coba lagi nanti?,2026-03-22 12.18.53
Djalil. Alimuddin,5,luar biasa bagis,2026-03-21 05.42.55
Nazario Dasneves,5,sangat baik👌,2026-03-21 01.46.21
Juvita Silvadasilvaguterres,5,Bgus,2026-03-20 17.43.58
Gapizino M.Q De Sá Pereira,5,terbaik,2026-03-20 15.34.44
Aulia Khaerunnisa,5,jelek banget sih,2026-03-20 12.20.56
Aandin Aandin,4,baik,2026-03-19 14.32.15
Anggit Simanjuntak,5,Saya sangat senang menggunakan aplikasi tiktok ini,2026-03-19 05.43.53
Maupula mesak,5,ok,2026-03-19 01.26.04
Saeri_ 11,5,bagus dan keren,2026-03-18 09.48.02
Julio Ximenes,5,bangtuang,2026-03-18 06.41.50
Eufemia Simoa,5,Nice,2026-03-17 12.44.10
Fonci Mendes,4,cukup sekian,2026-03-17 06.52.35
Leo Nita,5,ini terlalu bagus,2026-03-16 10.46.52
Leo Alves,5,y like so beautiful 😍,2026-03-15 03.50.28
Nazla Alfah,5,good,2026-03-14 22.13.08
Arif Ponsel,1,saya tidak bisa bikin akung baru saya sama sekali tidag suka bintang 1,2026-03-14 06.56.08
Shiti Saadah,5,oke,2026-03-13 20.37.12
Jellou X.Fernandes,5,TikTok emang tempat dan menfahat,2026-03-13 11.22.15
Guilermi Giler,5,Luar biasa,2026-03-13 06.21.06
Vieira Irenia,5,baik,2026-03-13 05.01.43
Adam Taufiq,5,bagus banyak poin nya,2026-03-13 03.18.43
Dewi W. Oktaviani,5,aplikasi tiktok nya suka tiba2 keluar sendiri saat buka tiktok gmn itu?...🙈,2026-03-13 02.16.39
Js Santos,5,"Ku Uda tambah bintangnya tapi kok belum bisa live iya, mohon bantuannya🙏",2026-03-12 12.44.33
Simao Soares Simao,5,aku bintan lima,2026-03-12 07.25.37
Rosa Ximenes,5,kalo dunia ku lagi sepi aku bisa scroll tiktok,2026-03-12 05.21.06
Afrian Tika,5,baguss,2026-03-11 23.04.07
Zahrulhadi Hadi,5,baik sekali,2026-03-10 23.01.28
Julieta Filipe,5,saia suka,2026-03-09 11.22.40
Devio Herinque Pinto,5,aplikasi yang velocitynya bainiak,2026-03-09 06.59.41
Hindun Hindun,5,𝘢𝘱𝘭𝘪𝘬𝘢𝘴𝘪 𝘺𝘨 𝘴𝘯𝘨𝘢𝘵 𝘣𝘢𝘨𝘶𝘴,2026-03-09 03.57.32
Enilto Luis Gonzaga Da Silva belo,5,sangat bagus,2026-03-09 02.12.46
Sutopo Bn,5,LANCAR BAGUS 👍👍,2026-03-08 22.19.35
Sweetlymoko Moko,5,goodluck ok👌,2026-03-08 16.45.18
Shofwan Fuadi,5,GK bisa beli coin ni gmn ya?,2026-03-08 16.07.29
Leonardo Da silva,5,bagus banget,2026-03-08 09.22.56
carlos andrade,5,wowww,2026-03-08 07.30.53
Ivens Da Silva,4,tolong buka lagi blokirnya jangan blokir lagi plisss,2026-03-08 04.14.34
Paulino Soares,5,Sangat baik,2026-03-06 18.24.09
De Gemoy,1,Berat,2026-03-06 13.19.59
Chege,5,mantap,2026-03-06 09.59.16
midu Pereira09,5,good luck,2026-03-06 05.45.56
Bukhari Baik,5,Suka,2026-03-05 20.34.00
Amancio Amaral,5,bantu saya untuk bisa live,2026-03-05 13.31.57
Kata Sandi,3,bagus TPI masih glet gitu,2026-03-05 10.10.15
Jeno JP,1,"sesuaikan lagi si buat layar 6,78 inch di 20:9 masa ada ruang kosong dibawah video, di ios yang layarnya 6,9 inch aja bisa full masa yang dibawahnya gabisa, bukan gabisa sih tapi aplikasinya lebih mengoptimalkan buat ios saja, pangsa pasar juga sama-sama besar masa android ngga di optimalkan juga? sekedar video full layar doang loh dari awal 2024 sampai sekarang belum juga dibenerin, moga aja nanti ada perbaikan masalah ini soalnya cukup mengganggu",2026-03-05 07.43.57
Vero Vieira,4,sangat bagus,2026-03-05 02.16.00
amira shaleh,3,mengapa tidak ada etalase keranjang kuningnya,2026-03-04 10.49.10
Song Araujo,5,bisa posting foto,2026-03-04 05.31.14
Nazfeena Ayudia,5,untuk versi yg lebih lama,2026-03-03 22.29.29
Juviana Gouveia,3,ko tiktok ini nggak ada video livenya sih?,2026-03-03 20.12.12
Kaka Kita,5,mengasikan,2026-03-03 17.19.59
Domingas Sarmentoximenes,5,bagus banget ya,2026-03-03 09.12.43
Duarte Tilman,5,di tiktok itu sangat seru dan penting,2026-03-02 21.01.21
Adão Borges (AB Almeida),1,"Saya sangat senang menggunakan app tik tok ini,tapi ko tidak bisa edit foto profil pake video",2026-03-02 15.56.50
Graciano Vm,1,akun ku kebenet selamania,2026-03-02 05.39.12
Juninho Duarte Rossi,1,akun anda diblokir selamanya,2026-03-01 21.54.52
Myla Borges,5,aplikasi ini bagus . aplikasi ini bisa kita comunicasi degan oran lain,2026-03-01 21.19.25
Okta Via,5,bagus,2026-03-01 14.11.33
Jack Bolim,5,kebiasaan hari hari libur pergi mancing mania,2026-02-28 19.23.48
Antonius Umbupati,5,bagus aplikasinya,2026-02-28 13.44.39
Rahayu Ayu,3,eror,2026-02-28 13.10.27
Ninazardacosta Nina,5,tiktik,2026-02-28 09.20.30
TRISIA SANTI PARLINA Tere,1,saya mencari akun gw yg Absolute Batman nah malah gk ada akun saya adanya cuman di pencarian visual gk ada pencarian kayak yg disamping saya suruh perbaiki gk mau yaudah saya kasih rating 1 aja,2026-02-28 00.26.06
leonardo Dacosta,5,Please continue perfect,2026-02-27 11.18.17
filomena teresa,5,lebih baik,2026-02-27 01.38.29
Aida Ribeiro,1,gak bisa velocity,2026-02-26 04.31.58
Veneranda Tilman,2,kenapa ini ngak kayak Tik tok pada umumnya ya? ngedit juga ngak Bisaa ngak tau yaa,2026-02-25 23.36.20
rifandi Yadi,2,kurang bagus,2026-02-25 17.26.01
Husni Vico,5,sangat bagus 👍👍👍,2026-02-25 11.43.48
Andini Ulpa,5,bagus sih tapi kalo bulan puasa banyak bgt fyp makanan,2026-02-25 10.55.24
Hjsyti Murnah,5,aplikasi yang sangat bagus dan mudah berkomunikasi juga dengan keluarga,2026-02-25 06.27.45
Reza Ahmad,5,"efeknya class bingit,wajah jelek bisa kebantu co !",2026-02-25 03.31.55
Ni'ma .K.,2,kenapa yah aplikasi tiktok saya tdak muncul keranjang d menu nya,2026-02-25 01.40.20
Asep Ridwan,5,"i̷n̷i̷ s̷a̷n̷g̷a̷t̷,̷ s̷e̷r̷u̷",2026-02-25 00.56.48
wongkaliwedi 30,1,sangat menghibur,2026-02-24 21.36.21
Herlina,3,"saya tidak mndapatkan update versi terbaru. saya sudah berulangkali instal ulang aplikasi tiktok, tetapi tetap tidak memdapatkan update versi terbaru",2026-02-24 05.53.42
muksin alatas1991,5,sangat bagus👍,2026-02-24 00.43.22
Kopiah Hitam,5,dicoba dulu,2026-02-24 00.02.03
FirraQu Gimata,5,assiik,2026-02-23 23.31.37
Thomas Mouzinho,5,saya sangat suka versi terbaru ini,2026-02-23 14.15.35
Alfredo Dias Quintas,5,bagus,2026-02-23 13.00.19
Kpk Cell,5,"suka konten yang lucu""",2026-02-23 12.39.55
Cecep Darussalam,5,bagus bagus,2026-02-23 10.51.52
Atenk solihinanakkalapas,1,sekrng bulan² ini tiktok suka ngelk tolong dong di perbaiki lagi .. AQ kan beli pulsa sendiri bukan memita dari kas negara kenapa sering eror lama2 malas dowenlod tiktok lagi ..,2026-02-22 14.17.18
PENGHIBUR HATI4,5,sangat luar biasa,2026-02-22 07.40.14
ʏᴀᴅɪ ground,5,banyak hiburan,2026-02-22 07.28.06
Sumyati Sardaka Jamain,5,Tik tok emang paling tempat dan bermanfaat,2026-02-22 06.36.44
Destiny Amelsya,1,sangat cocok,2026-02-21 15.30.29
Julio Dos santos,5,bagus,2026-02-21 10.48.46
Nabila & Annisa The sibling sister,5,seru,2026-02-21 03.01.39
amran amran,5,ok,2026-02-20 14.50.08
Joni Layuk,5,"Ekspresikan Keseharian , Silahturahmi buat Nambah Teman dan Apa adanya..🥰🫶🏻🙏🏻",2026-02-19 05.42.15
Afel Clack,5,sangat bagus dan profesional,2026-02-19 00.22.47
Agus Wahyudi (Cumix),1,tiktok ngk jelas akun diblokir,2026-02-18 18.30.58
Mohammad agil,2,ini gimana cara tup up nya kok gak kenak,2026-02-18 17.45.35
Sebastian Jesus,5,Sangat bagus... kereng,2026-02-17 11.50.47
Alinu Alinu,1,tolong bukah pemblokiran saya berjanji tidak akan ulang ngi kesalahan saya minta maaf atas kesalahan sy,2026-02-17 11.31.40
Sobron Jamil,5,masa Allah,2026-02-17 09.09.06
Vania Silva,5,Sangat baik dan benar serta dalam kegiatan belajar mengajar yang baik,2026-02-17 04.46.34
Januario Do Nascimento,5,berguna,2026-02-15 16.21.41
Rony Sam,5,keren,2026-02-15 14.04.02
Zefinka Agatha,3,"TIKTOK ANEHHH ,MUNCULNYA TAUN 2025.GAADA YG BARU😭",2026-02-15 12.26.38
Well Bawel,5,bagus aku suka,2026-02-15 10.57.09
Fevia Corea,5,bagus,2026-02-15 07.32.48
Damar soares Damar soares,1,tolon memperbaiki live ku,2026-02-13 14.30.59
Anastacio Hornai Dos Santos,5,bagus,2026-02-13 10.17.56
Ato Soares,1,bantu tiktok,2026-02-13 08.11.08
Natalia Araujo,3,🙂🙂,2026-02-13 06.09.09
Fina Low 27,5,good,2026-02-12 23.16.56
Lucky Soares,5,saya suka sekali,2026-02-12 15.22.25
Henriq Gomes,5,good,2026-02-12 07.37.57
Rozalito Jesus ara,4,nice,2026-02-12 07.28.02
Amanu Soares,5,Bagus,2026-02-12 06.27.10
Meli Mirna,5,tiktok terbaik,2026-02-11 08.48.23
Pedro Da Conceicao,5,Tiktok itu bining kita happy dan tertawa lain...,2026-02-10 13.11.17
Bernardete Maria,5,sya sangat menyukai aplikasi ini👍,2026-02-10 11.24.54
artika jember,4,tik tok q gk bisa di perbarui.kenapa ini,2026-02-10 08.59.12
Maria Klaudia moniz galocho,5,bagus banget bisa live,2026-02-10 07.56.54
Tasya Li,5,wort it bgtt,2026-02-10 03.13.09
Jackk Boyy,5,baguss,2026-02-09 08.45.49
Carolina Soares,5,very good💯,2026-02-08 07.21.40
Lutvi Arizal,5,hiburan santai doang,2026-02-08 04.11.48
Malgi P. Ximenes,5,karena bisa membantu saya untuk akses informasi,2026-02-06 13.25.21
Antony Ramos,5,Sula tiktok,2026-02-05 02.50.56
budiono ws,5,top keren,2026-02-04 11.40.14
Junita Maia Arero,5,bagus dan memanfaatkan,2026-02-03 12.46.38
HOLLY NATHALIA,5,bintang lima pokoknya best,2026-02-03 06.05.18
Muhammad Baso,5,saya sangat terhibur dengan ini saya bisa melihat karya yg inda dan lucu saya sangat senang,2026-02-03 04.49.33
Amia Bimi,5,bagusssss,2026-01-31 22.13.14
Arcenya Ximenes,5,bagus bangat Sii aplikasi ini saya suka banga,2026-01-31 06.53.47
Nilus AHAEJP,5,love banget,2026-01-30 18.22.39
H arol Pahrol,2,"setiap mau unrepost vt kok gabisa? jaringan & wifi bagus bagus aja, update mulu tapi malah makin ga bagus.",2026-01-30 06.12.57
Wulan Janggur,5,sangat Bagus,2026-01-28 10.58.36
Denilton Marteng,5,sangat bermanfaat untuk membantu membuat konten dan bisa kasih konten yang menarik,2026-01-28 01.08.39
Rahmat Agussalim,1,"gajelas kali tiktok nih, masuk nya susah kali, udah loading lama, ada keterangan kunjungan terlalu sering. ya gimana ga sering org loading lama trus ga masuk2",2026-01-27 20.26.09
Aze Vedo,5,ko ga bisa di buka sihhh,2026-01-26 22.52.30
Arhy Gatho,5,ok makasih,2026-01-26 15.32.07
TL NOLITO,5,bagus banget ‼️🤝,2026-01-26 09.32.05
Cristovão Dacosta Pereira,5,aku kasi Bintang lima karen aplikasi ini,2026-01-24 15.36.31
Alinu bx,5,❤️❤️❤️🥇,2026-01-24 08.58.11
Juvenio Souja,2,ok,2026-01-23 22.04.50
Novintha Larantika,1,"aplikasi GK jelas, GK bisa masuk, jangan pernah di download",2026-01-23 11.39.05
Sharif Khan,5,Ejek,2026-01-23 11.16.33
Poppy,1,kenapa ga bisa login ya?,2026-01-23 08.54.45
Chairunnisa,1,"kenapa sekarang buka komen gak bisa, gak keluar apa2 padahal sinyal baik2 saja Dan lemot mau login lagi padahal pakai aplikasi lain normal",2026-01-22 15.57.44
rival hasibuan,5,keren,2026-01-21 17.28.05
Emilia Da silva,5,game sangat bagus tapi bensin kalo habis minta kita ke vidio dan suda folow masuk lagi ke game truck minyak tida ada,2026-01-19 12.16.26
Isfalana Putri,1,apl monyet,2026-01-19 00.20.19
Sidalia Sarmento,5,Akun Saya Tidak bisa live,2026-01-18 12.51.31
Brian Oliveira,5,videonha sangant menghibur ku,2026-01-18 11.18.55
Latifa A (A),4,"Aku suka Apl ini,bisa Melihat kabar2 yang ketinggalan di sosmed 😘",2026-01-18 09.50.16
Abdulhamid Azhary,5,nice,2026-01-18 02.38.07
Carlos Calopes,1,"Saya kasih rating satu karna kadang kita lagi asik nonton malah keluar sendiri,terus kalo didownload lagi dia gak bakal muncul dam gak bisa masuk!",2026-01-16 22.03.16
Zayat Dasuki,5,bagus. akun tiktoknya bisa membantu mencari temen Sudara semua,2026-01-16 20.46.57
Arna Wasih,3,gk bagus,2026-01-16 19.06.16
Santi Santiman,3,sangat bgus,2026-01-16 13.31.26
Olan Guterres,5,ok,2026-01-16 09.33.48
Shafeek Mohammed,5,aku selalu bahagia ama tiktok,2026-01-15 10.50.41
Cobain Xpro,4,bagus,2026-01-15 06.07.49
Umi Saniti,2,Sangat luar biasa,2026-01-15 02.50.22
محمد محمود,5,تکتو حذفک,2026-01-14 19.06.27
darwansap stialanri,4,bagus dan membantu,2026-01-13 16.21.00
Fatima Oni,5,👍,2026-01-13 05.23.32
Aprilya Presiska,1,"aplikasi nya tidak bisa digunakan tulisannya hanya ""layanan kami tidak tersedia di negara atau wilayah anda"" mohon perbaikannya",2026-01-12 17.08.23
Gil Bopak,5,Terbaik untuk kita semua,2026-01-11 15.45.38
Abilio Amagai,5,sangat Bagus,2026-01-11 05.21.43
Januario Soares,5,hebat,2026-01-11 05.07.33
pedro da silva Amaral,5,sangat puas,2026-01-10 12.42.38
Tomas De Araujo,5,Bagus,2026-01-10 02.09.49
Pak Aggus,5,sangat bagus filternya,2026-01-08 15.17.59
Raffaalghifari05 Raffa Al-Ghifari,5,bagus Tiktok sangat menghibur,2026-01-07 12.58.00
Laka Laka,1,live,2026-01-06 05.50.19
Helio Da silva,5,for you👍👍👍👍👍👍👍👍,2026-01-06 04.33.27
Naila Khimatul,5,masyaallah,2026-01-06 02.46.04
Maryani 88,5,baguss bgt,2026-01-05 14.24.04
JAY,1,Audio tiktok live pada android versi 16 mono tidak stereo.,2026-01-05 02.39.25
Abrão S. G. Sales,3,the best👏💯,2026-01-04 22.31.32
Josefina Tania Das Dorea,5,mudah,2026-01-04 15.26.41
Kaidin Start,1,sekarang semenjak ada iklan aplikasi jadi sering macet dan membuat tidak nyaman.,2026-01-03 10.56.38
Litik Maryono,5,sangat bagus dan juga saya jadi sangat terinspirasi dari video2 yg ada disini,2026-01-03 05.49.33
Luna Maya,5,tik tok ini sangat berguna dan bermanfaat sekali jadi saya kasih bintang 5,2026-01-03 02.37.15
Fatima Tuzahra,4,Tik tok buat saya adalah hiburan pengetahuan dan informasi yang langsung dari netizen 👆🏻😘,2026-01-03 02.34.26
welas ashi,3,ok,2026-01-01 16.46.06
Jony dana Do santos,5,Bagus karena menghibur kita,2025-12-31 23.36.04
Agus Teguh Setiawan,1,"Penipuan, menjalankan tugas, eh gak bisa di klaim.",2025-12-31 09.41.14
Jody Afonsu,5,sai suka,2025-12-31 08.50.35
Miftah Jannah,3,saya baru update software android 16 pada perangkat galaxy A53 5G akan tetapi tik tok menjadi mono. tolong software tik tok segera diupdate agar support ke android 16 sehingga saat live suara di perangkat saya jadi stereo lagi.terimakasih🙏,2025-12-30 21.17.32
Vytha Queen,5,bagus sekali aplikasi tik tok ini🥰,2025-12-30 09.01.03
Vinte Dois,3,Sangat cocok,2025-12-30 08.01.29
Borges Carla,5,bagus tapi sangat men ruas penyimpangan hp,2025-12-29 01.22.56
suda oru,1,susah banget fyp tapi kalo hp iPhone udah pasti fyp. tcih,2025-12-28 14.41.23
Brayanu Gomes,5,hallo tiktok akun saya ada postingan ulang nya mohon di perbaiki,2025-12-28 09.54.26
Filipe Do Rosario,5,ini sangat bagus karena kalo saya lagi bosan saya selalu nonton tiktok,2025-12-28 09.07.43
Tita Juwita,1,"shop ny tiba"" hilang.. saya jadi gak bisa pesan online untuk keluarga di rumah.. saya posisi kerja di Saudi",2025-12-27 19.17.18
Nelia Assis,4,sangat bagus dan berkualitas,2025-12-26 22.14.45
SUL MAYADI,5,pengalaman saya sebagai tukang kayu pekerjaan sebagai tukang masak,2025-12-26 10.31.36
Celestino Barbosa,5,"aku sangat menyukai media tiktok ini,karena bisa menemaniku di saat hati lagi galau",2025-12-26 07.32.36
Marco Antonio,1,"gasuka,tiba tiba akun ku ke blok dengan alasan ngak jelas 😌",2025-12-26 03.47.34
Solerae Amaral812,4,saya menyukai tiktok ini,2025-12-26 03.28.30
Ebhy Sanches,3,Tolon jangan buat apdate lagiyaa pliss.,2025-12-25 23.05.25
Sebas Rex,5,saya beri 5⭐ karena appNy sangat bgus,2025-12-25 04.52.59
ocho tchaylor,5,thanks for your,2025-12-23 07.45.47
Boni 7777,5,ok bangat👍,2025-12-22 15.56.38
SakuyaPanda,1,akun ku di ban selamanya tanpa ada keterangan yang lebih rinci.,2025-12-22 15.40.55
Pedro Bua,5,tolon saya aplikasi tiktok tida bisa di buka 🙏,2025-12-22 13.55.16
Jucelina Freitas,5,😙,2025-12-21 14.47.15
Francisco Aleixo,5,b aja,2025-12-21 13.08.25
Riki Shang,4,bagus,2025-12-21 01.37.10
REJO,5,sangat berguna sekali utk mengetahui infirmasi² publik dan juga membantu utk bisa beli barang2 online karena disini sangat detail kualitas barang dan produknya bagus,2025-12-20 03.32.26
Reza Febrian,1,banyak iklan anjir beda banget sama douyin dikit iklan nya,2025-12-20 02.39.48
Faria Moruk,5,apk favorit,2025-12-20 01.27.59
Nia Ayuni L,5,aplikasi sosmed yg menghibur & paling mudah digunakan,2025-12-19 11.20.54
Andika,2,Apk sesar,2025-12-18 10.41.03
Nicolau Soares,5,Good Apk 👌,2025-12-18 09.24.41
Murai Bewok,2,ksh Bintang 2 dlu klo bagus bintang full,2025-12-18 05.32.54
siti asna,3,"ngelek banget di pke di luar negri pdhl disni sudah pke vpnn,tolonglh di perbaiki agar bisa di pake saat luar negri juga",2025-12-18 04.35.02
SANDRO COIMBRA,5,senang nonton aplikasi nya,2025-12-18 03.44.29
Muksin Ntb,5,ok,2025-12-17 15.57.11
LUKMAN HAKIM,5,good,2025-12-17 04.33.51
Sebeh Al-Banjari,1,kacau,2025-12-17 03.55.22
Xisto. Soares,5,Saya suka 😙😘,2025-12-16 13.28.03
Marilinho Da Silva,5,Sangat menhibur,2025-12-16 11.54.30
Qi Sirr,3,koin saya hilang padahal g d pake,2025-12-16 09.13.36
Mus Lomboki,4,liat live kok GK bisa suka macet2 aneh sekali,2025-12-16 08.46.58
Aquino Freitas da Costa,3,Bagus tetapi selalu loading banget,2025-12-16 02.01.18
Sandi Orang salah,5,Sangat bagus app nya,2025-12-16 00.38.50
Asnawi Shofi,4,oke,2025-12-15 22.12.51
Neni Suryani,5,saya sangat terhibur dengan menggunakan metode tiktok untuk membuat sebuah karya video yg bisa mengekspresikan wajah dan gaya👍😘,2025-12-15 07.00.20
agoes wandi,1,aplikasi jahat..memblokir akun senaknya saja.tanpa.pemberitahuan.,2025-12-15 03.40.43
santun siregar,5,bagus untuk hiburan dan lain lainnya,2025-12-14 16.32.08
Miftah Mif,5,syh sangat puwas dengan tiktok tapi Komal nyh tolong di tambah lgi yah terlalu sedikit makasih,2025-12-14 04.45.21
Sakinah Munawaroh,1,lelet bgt,2025-12-13 23.52.27
Rahma Wati,4,belajar lebih baik timbang gak mau berusaha,2025-12-13 10.25.02
M Vd,5,❤️❤️,2025-12-13 04.50.50
Agostinha Soares,5,pokoknya thebest banget si tiktok ina jedi gue kasi bintang lima deh. jadi selamanya.semoga ada banyak lagi yang kasih bintang lima AMIN🙏🏻😖❤️🪐⭐️⚡️,2025-12-12 11.00.02
felizberto Lopes,5,good apk,2025-12-12 06.21.26
Hardiyan Saputra,5,ok,2025-12-11 05.52.09
jordanio madeira,5,bagus bangat,2025-12-11 05.15.33
Cristiano Baptista,5,mantap aku sekarang bisa live PUBG MOBILE,2025-12-11 03.24.51
oscar santos,5,💪🤝,2025-12-10 18.06.25
Татьна Лафиренко,2,good👍,2025-12-10 04.30.27
Euis Wiwin,5,cukup menyenangkan menggunakan aplikasi ini bisa namun terkadang suka susah klw mau d update,2025-12-08 15.53.13
Merry Nandes,5,seru karena boleh mawar ehehehhe,2025-12-08 10.39.32
Paul Alves araujo,5,❤️,2025-12-08 05.26.43
Neng Lina,2,suka keluar sendiri,2025-12-07 14.46.31
Monika Situmorang,1,"nginstalnya makan paket banyak, semua banyakk tapi ngeleknyaa beuhhhhh",2025-12-07 08.54.56
Barnabe De Carvalho Araujo,5,terbaik,2025-12-07 02.39.39
Palmira da Costa,5,saya suka aplikasi ini,2025-12-07 00.39.27
Youremine Emx,3,aplikasinya lama2 gak bagus,2025-12-06 12.40.39
Leticya Ticia,1,saya rasa menyenpa tik tok saya tidak bisa di download,2025-12-06 01.40.22
Sofyan Fahmi,1,aplikasi pembodohan,2025-12-05 20.53.13
Novitasari Novitasari,2,njiss udh di update2 kaga bisaa,2025-12-05 17.07.50
Feliciano Dos Santos,5,Bisnis,2025-12-05 00.47.57
Phatima,5,sangat bagus.,2025-12-04 21.45.16
Reislire Reis,5,Kereng,2025-12-03 11.35.51
Gusti Damel,3,trimakasi telah membantu kami,2025-12-01 13.05.24
Mevia Gracia,5,saya suka aplikasi tiktok dia bisa menghibur saya dan saya sangat suka dan saya Maun account saya bisa di fyp dan likenya banyak dan saya pernah trauma live di tiktok karena orang viralin live kami dan saya juga suka nonton semua film di tiktok dan kita juga punya banyak teman di tiktok kita juga bisa upload hari hari kita di tiktok dan video lucu lucu dan tiktok bisa melengkapi hari hari sepi kita kata kata yang bisa menghibur kita di tiktok dan saya sangat suka sama tiktok dan saya tidak bisah,2025-12-01 11.48.36
Apriliana Cruz,5,TikTok buat kita tau bnyak trus kenal bnyak orang terus bikin ita jadi punya bnyak hobi,2025-12-01 09.23.04
Naser Televom,5,bantu cari cuan d tiktok,2025-12-01 02.05.03
Humaira Islam,5,Good apps,2025-11-30 11.52.18
Munip Ghozali,5,saya jadi bahagia,2025-11-30 08.55.04
Casilda Jong Rodrigues pereira,5,aku suka banget 🤩🤩🤩🤩🤩🤩🤩🤩🤩🤩🤩🤩🤩🤩,2025-11-30 03.55.28
Luna Irawan,5,biasa Bae,2025-11-29 22.33.47
RIYAN MASLAH,1,bagus,2025-11-29 14.44.41
Holil Surabaya,5,ok,2025-11-29 13.33.29
Denilton agosto da Costa,5,bagus,2025-11-29 04.17.44
Paulo Alves da silva,5,❤️,2025-11-28 06.53.00
dina soriano,5,bagus aplikasinya saya sangat suka dengan aplikasinya🫡🫡,2025-11-28 03.29.59
Rafie Rafie,3,"Masya Allah, ternyata Tik Tok adalah salah satu sarana media sosial dunia Maya serba guna,bisa untuk dijadikan fasilitas bisnis, sosial,berda'wah, sarana menuntut ilmu, bagian dari salah satu lapangan kerja, bisnis dagang on line,",2025-11-27 21.32.49
Blaxy Black,5,aplikasi ini buat aku semangat setiap hari,2025-11-27 10.20.46
Ana Jeronimo,5,aku mau bikin tiktok biar bisa posting trimakasi untuk tiktok so much I don't want it fenlaen tiktok my Brithday to aintur the morning and biar bisa like komen to aintur to aintur to aintur to aintur the one with a different point 👉 👈 👇 😀 and timor leste and timor leste in your life so I have to aintur it 😀 and timor 🇹🇱 to Semana the best for you brother to me is that you are welcome and you are the one I DON'T BREAK YOUR MIND IN THE BEST OF MY LIFE AND BIAR MY LIFE AND TIMOR LESTE AND bi,2025-11-26 10.00.02
Filomena Hornay04,4,bagus,2025-11-26 04.26.09
Luciano Baptista Araujo,5,mantap,2025-11-26 00.40.00
Latichia fernandes Monteiro,1,saya kasih 1binta aja soalnya tiktok itu harus berusia 18th bru ada ķotak masuk notifikasi pesan aku pengen kirik pesan sama teman aku tapi batas usia saya udh 16thn brp tahun lagi aku ke 18thn lama tau,2025-11-25 23.31.49
Septiana Fernandes Joaquim,5,bagusssss,2025-11-25 15.40.17
AMINA Amina abdulloh,5,bermimpilah setingigi2nya,2025-11-25 11.51.47
Lis Nia,5,bagus,2025-11-24 20.13.39
password: 7df52x,1,kenapa setiap ganti akun ikon komentar foto selalu hilang? mohon perbaiki masalah ini,2025-11-24 14.56.29
Sandi Yudha,2,"knp setiap aku download tidak bisa di buka ada tulusan ""layanan kami tidak tersedia di negara atau wilayah anda"" knp bgitu",2025-11-24 01.01.14
Myra joao,5,Good,2025-11-24 00.32.00
Mendonca 18,5,asikkkkk,2025-11-23 14.49.07
Ahmad Banten,1,good,2025-11-23 04.33.56
Louverdio Modo,5,Sagat suka.,2025-11-23 02.53.56
Dade Guimaraes,5,good,2025-11-21 10.10.42
renaldy aldy,5,sangat bagus,2025-11-20 18.23.22
dewi poker,4,tiba tiba fitur live hilang kenapa jadi gini sih,2025-11-20 15.48.31
Guy Da Gama,5,amazing,2025-11-20 12.44.33
Bunga Melati,4,"hai salkeun sadayana klo dari saya ini mah yaa yaitu MB nya kurangin dikit & pas post video atau foto suka ada 𝘆𝗮𝗻𝗴 𝗮𝗻𝗲𝗵 padahal udah ke Fost tapi kok kadang"" gak ada?..... DAN 𝙨𝙖𝙮𝙖 𝙠𝙖𝙨𝙞𝙝 𝙗𝙞𝙣𝙩𝙖𝙣𝙜 4 𝙙𝙪𝙡𝙪 𝙮𝙖𝙖 𝙢𝙤𝙝𝙤𝙣 𝙢𝙖𝙖𝙛 𝙟𝙞𝙠𝙖 𝙖𝙙𝙖 𝙮𝙖𝙣𝙜 𝙨𝙖𝙡𝙖𝙝 𝙙𝙖𝙧𝙞 𝙥𝙚𝙨𝙖𝙣 𝙨𝙖𝙮𝙖.. ٩🥲۶ ٩🥲۶ ٩🥲۶",2025-11-19 22.07.54
Sempre Aprende,5,sangat puas,2025-11-19 17.17.57
Novi Maya,5,mengapa akun tiktok saya ada masalah,2025-11-18 10.38.03
Simplicio Da Costa,5,saya suka banggat,2025-11-18 04.44.02
Hendrik Neno,5,bagus,2025-11-18 03.30.10
Sandyofficial Noronha,5,de best banget da pokonya,2025-11-17 09.58.52
Msi Jso,5,عع,2025-11-16 20.57.31
Sekar Sekar,5,menyenangkan,2025-11-16 18.40.56
Eni Rohaeni,5,Bagus,2025-11-16 05.41.18
Anita M. Leite,5,saya ngk bisa live dulu bisa sekarang tidak bisa,2025-11-15 12.31.54
Faizal Bahri,1,cewe aku ngirim gambar gabisa dibuka,2025-11-15 12.06.24
keinr,1,gaje,2025-11-15 11.44.40
Errell Kaivin,1,tll apk gjls sllu aj ngecrash bego,2025-11-15 09.56.38
Angeli Sudarman,5,nice,2025-11-14 12.55.25
wahyu kalem,1,"tiktok sekarang tidak baik"", karena waktu kita melakukan live selalu dapat pelanggaran, tolong perbaiki layanan tiktoknya",2025-11-13 20.36.01
Ghozi Alfarros,1,kandang monyet,2025-11-13 18.07.17
Mujianto Aji,5,mantapp,2025-11-13 14.59.32
Martinho Salay,5,TiK Tok,2025-11-12 11.36.21
Resia Vidigal,5,bagus Bangat,2025-11-12 10.04.09
Rony Carion,5,aplikasi yang sangat bagus,2025-11-11 11.07.18
Rosid Taipan,5,mantap,2025-11-11 06.53.55
Juvi Almeida,5,"Eu gosto deste aplicativo, ele é muito útil e me diverte.",2025-11-11 06.28.19
abdullah bahri,1,mengapa fyp saya tidak bisa di ganti ke Indonesia dan sudah saya ikuti saran² tik tok tetapi tidak ada hasil,2025-11-10 12.14.17
Edi Saswano,5,tiktok ini sangat bagus bisa membantu dalam berbagai bidang usaha,2025-11-10 09.11.07
Fortunato Gomes,4,sangan menghibur,2025-11-10 02.50.23
Sonia De deus fatima,5,lancarkan jaringa saya plis,2025-11-10 01.14.58
Bujang Hardiyanto,5,oke,2025-11-09 15.27.11
Waseem Waseem,5,وسیم,2025-11-08 16.33.43
Paulino,5,saya sangat senang dengan aplikasi ini,2025-11-08 10.08.58
Carissa Santos,5,Aplikasi ini sangat bagus,2025-11-08 06.29.16
Ana Salon hair n beauty treatment,1,Tik tok jelek burik,2025-11-08 03.52.16
maruli mansyah,5,sangat bagus sekali,2025-11-07 16.50.50
Nycho Soarez,5,bikin aku jadi terkenall Dan Kenall sama banyak orang,2025-11-07 08.06.44
Carlorloto Soares,5,aplikasi tiktok ini bagus dan menarik👍,2025-11-07 02.10.10
Filomena Marcal,5,aplicasi ini bagus karna bisa dens trimacasy💟,2025-11-07 01.43.37
Maria Imaculada correia,5,ko aplikasi tiktok saya nggak bisa live ya,2025-11-07 01.32.33
Melita monterio de Jesus,5,aku suka bagat😚💐,2025-11-07 00.15.58
Estefania Viana estefania,5,aku suka sama apk nya karna menhibur jiwa introver aku karna aku kan aga malu ya kalo keluar rumah jadi foto danlot eh mala bagus,2025-11-06 23.23.41
Arsenio Arsel,4,kenapa di apk tiktok saya tdk ada templat capcut Dan kenapa saya tdk bisa mengambil templat capcut di apk tiktok,2025-11-06 11.09.44
Fani Asma,5,sangat bermanfaat,2025-11-04 15.31.22
Arzun Azuna,5,kenapa tidak ada orang yang melihat akun saya,2025-11-04 10.45.44
Paiqhu Sean,5,good,2025-11-04 10.13.12
Diana Bramono,5,Aplikasi yang sangat menghibur dan penuh wawasan dengan banyak kejadian viral bisa live untuk silaturahmi meski kita berbeda daerah bahkan beda negara pokokek Asyeeeek pooollll THANKS MY APLIKASI,2025-11-04 05.52.51
Putra,5,kerja bagus,2025-11-03 18.49.42
Santi Asanti,5,keren banget 👌👍👍,2025-11-03 16.16.03
Lina Ajah,5,Bagus banget ✔️✔️✔️,2025-11-03 02.08.59
Rianto,5,bagus,2025-11-02 22.54.01
Delio Santos Soares Da Costa,4,good Apk,2025-11-02 18.50.39
Amelia Mendonca,4,like,2025-11-02 16.59.26
Armando Alves,5,suka saja,2025-11-02 00.33.56
Hendro Setiawan,5,oke sangat hebat,2025-11-01 16.20.42
Eldita Baptista,5,in the best,2025-11-01 11.09.16
Olivia aurelia,5,"tolonglah aku sering perbaiki Tiktok,kenapa aku tidak bisa mengakses live, tolong ya agar saya bisa live",2025-11-01 04.52.48
Dina Nyenye,5,bagus,2025-11-01 03.01.45
Julia Ngei,5,manatap,2025-10-31 13.07.06
Herman Yuda,5,Ok,2025-10-30 22.29.37
Teresa Mcquien,1,"Saat Buat Postingan Dalam Bentuk Teks Atau Tulisan , Jangan Terlalu Sedikit Batas Huruf Nya . Buat Jadi Minimal 2500 & Maksimal 5000 Huruf Begitu Begitu . Saya Jadi Susah Mau Posting Untuk Memberi Informasi Rinci Yang Lengkap & Akurat 😮‍💨",2025-10-29 23.41.00
Syahriwal,5,syahriwal 09,2025-10-29 17.35.54
Meri Liyana,5,goood,2025-10-29 05.42.37
Reni Jajang Etis,3,bagus,2025-10-28 21.13.58
Milton Brito,5,banyak kreatifitas yang di pelajari di aplikasi ini saya suka.,2025-10-28 12.13.32
Josef Sdcm,5,good,2025-10-28 05.20.46
Gil Nunes,3,kenapa saya tidak bisa buka live ditanguhkan,2025-10-28 04.13.12
Rivaldo Santos,5,aplikasi nya bagus cuman mungkin bisa dihapus limit buat ngikutin orang lain soalnya aku udah sampe limit dan tidk bisa lagi ikuti akun orang lain jadi sarang ku cuman itu sih buat hapus limit buat ikuti orang,2025-10-28 02.39.35
let's see knew,5,zakir,2025-10-27 15.41.02
AJE Mesak,5,Sangat baik,2025-10-27 10.25.02
Ajino Cl,5,Bagus👍🙏,2025-10-27 09.44.46
Carsiah Carsiah,5,sangat baik,2025-10-27 09.36.20
piero dasilva,5,CiNTHyA,2025-10-27 05.16.48
Matcho Svn,5,Sangat bagus,2025-10-26 17.33.41
Hiyat El 10,5,Jelek banget aplikasinya gak bisa buat live,2025-10-26 15.20.20
acau alves,5,Keren,2025-10-26 03.48.45
Fatma Ainun,4,good,2025-10-26 00.30.13
Darliah Liah,5,sangat bagus,2025-10-24 22.15.17
enzemarmalik araujo,5,"aplikasi ini baik digunakan,,",2025-10-24 04.51.48
Enty Forever,5,Tolong jangan pernah menjekkan tiktok saya. ya🙏,2025-10-23 09.06.50
Wardana Wardana,5,"saya sangat menyukai tiktok ini,karna banyak video yg bagus",2025-10-23 06.18.24
JAYDEN AIDEN,5,👍👍👍👍👍👍👍,2025-10-22 16.19.40
Johan Holim,4,"apk bagus penghilang stress, tapi saya belum bisa komen pakai foto",2025-10-22 13.50.56
Edmilson Gon,3,userlabomunize,2025-10-22 05.53.42
Asete Jabarin,1,FERDI GRENADA AJA DEH BIAR ADIL KOK MALAH BIKIN TAMBAH GANTENG AJA DEH KALO GUE JUGA BINGUNG NIH ANAK GAUL BANGET JSVJ HSUVDJ HVISK,2025-10-22 04.15.04
Graziela Monteiro,5,Sangat menyenangkan,2025-10-22 02.40.33
Bayuprasetia Bayuprasetia,1,"tiktok nya aneh udah masuk mlh keluar ke luar lagii ,,anehhh",2025-10-21 13.43.08
ResquiBarreto Varela,5,😎😋😍,2025-10-21 11.03.05
Domingos Da gloria,5,Aplikasi sangat membantu,2025-10-21 05.43.14
Denilson Antonio da Costa Soares,5,Ok,2025-10-21 03.07.44
Julião Fernandes Guterres (Jufer),5,baik... perlu fitur baru,2025-10-21 01.59.06
Mamah Irfan,5,keren menghibur,2025-10-20 20.07.08
Yani Caryani,3,saya suka main tiktok dulunya bisa ambil hadiahnya sekarang malah gak bisa karena akun saya dibatasi saya udah coba pake cara apa pun ttp aja gak bisa coba saya akan beri bintang 3 bisa klaim hadiah lagi apa gak makasih🙏,2025-10-20 19.03.07
OLivio Cardoso da costa Livio,5,M RATHE,2025-10-20 08.17.30
Aveiro Santos,5,Aplikasi penurunan iq,2025-10-20 04.56.53
Timoor Lesteee,3,saya tidak bisa membuat live di hp Android,2025-10-19 22.50.50
Jayadi Muhammad,5,bagus,2025-10-19 15.43.14
Ms Maya,3,"dengan adanya aplikasi Tik tok ini saya bisa terhibur, apalagi sebagai TKW Yg butuh hiburan,biar gak jenuh Yg penting tau' batasan, terimakasih Tik tok",2025-10-19 13.41.56
Aulia Ian,5,nice,2025-10-19 13.21.21
Ren Sany,5,bagus,2025-10-18 06.34.14
Novania Gama,5,wow,2025-10-18 04.03.10
Marry Jane,1,"kesel banget versi pc , kotak giftnya gak mau ilang",2025-10-18 03.57.45
opang huu,1,Tiktok shop sangat berat dan tidak ada perbaikan,2025-10-18 01.26.45
Dynhu salsina Dynhu,5,Dinho slsinhq,2025-10-17 23.19.28
ananias Barreto,5,untuk di download di sini adalah salah satu dari mereka yang tidak bisa di download di sini adalah salah satu dari mereka yang tidak bisa di,2025-10-17 12.57.50
sell Selfy,5,Aku mau nya masuk cepat dongg tiktok nya,2025-10-17 11.13.37
For You,1,Kenpa ya aku dah download bekali kali kok gak bisa coba kasih tau aku...,2025-10-17 09.24.12
Nelviana Hornai,5,Good,2025-10-16 15.57.21
Ka Jhess,4,Sngat bgus,2025-10-16 15.32.18
Akholi Gomes,5,ok,2025-10-16 08.48.22
Nazaré Xavier da costa,5,Sangat Baguss,2025-10-15 18.48.35
Junior domi soares,5,perbaiki Tik tok life ini mohon masalah mengukiti orang tidak bisah ini,2025-10-15 17.54.23
Laek Goncalves,5,josefia,2025-10-15 15.13.55
Farida Ida,5,very good,2025-10-15 12.30.49
Fidel Jesus,5,sangat berguna sekali untuk saya yang merasa bosan 🤩,2025-10-15 11.05.09
Irene Da costa,5,the best,2025-10-15 06.44.31
Sahril Akbar,1,akun lama aku tidak bisa login d hp baru,2025-10-14 17.40.00
Marcio Da costa,5,🤙🏻,2025-10-13 13.11.01
Eko Lanu,5,koh saya tidak bisa live padahal udah 1rb foloweres,2025-10-13 01.09.37
Ni Wayan Septi Andayani,1,karna tiktok ku orang Rusia semua,2025-10-12 17.32.05
Atik Istiqomah,5,Mencari Wawasan lewat Aplikasi Tik Tok,2025-10-12 05.29.22
Carmo Carmona,5,carmocarmona,2025-10-12 04.51.57
Mus Tahik,5,kenapa saya noton live selalu putus putus,2025-10-11 19.45.35
Ni Luh Budi Antarini,1,kenapa aplikasi tiktok saya tidak bisa upload foto/vidio sudah hampir 2 bulan tidak bisa...,2025-10-11 14.29.02
Muhammad Azwanto,1,pas orang ngerokok di kasi peringatan di ban akunnya giliran orang live bugil malah gk di beri apa2 emang mesum ni Tik tok bbo cuih,2025-10-11 10.52.23
denian hikayat,3,bagus,2025-10-11 05.21.16
Didik Nanda,5,banyak cantik,2025-10-11 02.21.46
Supri yadi,5,😊🥰,2025-10-10 11.41.59
Erick Reyes,5,sangat suka,2025-10-08 12.33.31
Chalara Shansabilla,4,b aj,2025-10-08 11.32.01
Valdo Madeira,5,cool,2025-10-08 04.45.48
rikel gusmao,5,♥️,2025-10-08 04.14.50
Uti Maryam,5,emmm,2025-10-06 19.52.20
Nunes Dizanove,5,Good,2025-10-06 13.11.22
karyono strada,5,bagus & mantap,2025-10-06 11.01.15
Mega Jafar,5,kenapa saya tidak bisa beli koin di tiktok pakai pulsa.kalau saya beli selalu muncul tulisan google bermasalah mohon penjelasannya,2025-10-06 10.51.44
Tome Costacosta,5,Download aplikasi tidak,2025-10-05 10.08.50
Aimar Gomes,5,baik,2025-10-05 08.53.18
Canisio Xavier,5,Baik untuk digunakan,2025-10-05 03.21.42
Saira Apdulrahman,1,tidak puas sekali.sekrng klau live aplikasi tiktok selalu saja tidak menanggapi..? saya kasi bintang satu dlu klau ada perubahan akan saya kasi bintang 5.,2025-10-04 14.24.36
mjzidan Asm,5,Terimakasih kepada Tiktok selalu buat kami Bahagia sekali lagi Terimakasih,2025-10-04 09.37.42
Sahidi Sh,5,good MashaAllah,2025-10-04 08.59.34
Lelilson Gamboa,5,Terbaik,2025-10-04 04.49.34
Paw Fahz,1,"Aplikasi tiktok kenapa tidak bisa di klik, tidak bisa di buka????",2025-10-03 19.24.15
Estalita Guedrudis,5,saya sudah bermain tiktok pada tahun2022,2025-10-03 15.58.17
Kamil Ridwan,5,semoga berkah semakin jaya tiktok ya bisa bust aku cari cuan,2025-10-03 15.55.49
Dinda Xhytaa,5,saya suka sekali dengan tiktok karna jika video yang kita inginkan akan muncul dan sama,2025-10-03 12.54.00
Nina Marlina,5,semoga tiktok saya bisa berkembang usaha nngonten live di tiktok hanya saja tidak bisa dibayar melalui bank kartu Indonesia bisa narik TK bisa membayar.,2025-10-03 10.35.11
Madalena Ximenes,5,arudyarudy,2025-10-03 04.29.44
Egy Lopes,5,sangat bagus sekali,2025-10-02 17.01.41
Domingos Rosario martins cepeda,5,bagus sekali dan seruh sekali 😀 saia senag sekali tanks,2025-10-02 12.00.01
Khaerul anwar (Gogo),4,Bismillah... insyaallah lebih baik Lagi (TikTok),2025-10-02 11.50.57
Girlband Girlband,5,bagus sekali,2025-10-02 02.21.43
Upas Wada,5,Sangat bagus buat hiburan,2025-10-01 14.34.46
Teotonio Sipa,5,Teo sipa,2025-10-01 02.16.38
Ryy Gomes,5,bagus,2025-10-01 01.22.47
Epifánia Heidi da Costa,5,bagus,2025-09-30 22.24.17
Alfiyah Hasan,5,bagus dan lebih mudah dan durasi nya pun tidak panjang,2025-09-30 15.16.23
Hermenegildo s Conceicao belo,5,bagus,2025-09-29 16.16.57
Matilda da cruz,5,sangat menghibur,2025-09-29 14.45.04
Wasis Andis,1,tiktok ngelag terus,2025-09-29 10.53.57
Fidel Neves,5,Bagus Bangat...,2025-09-29 04.19.18
Eva Moreira,5,"sangat menghibur,,",2025-09-29 02.55.46
"TITO ,XIMA",5,Aku suka apk ini karana aku merasa seperti aesthetic.🙃🙂,2025-09-28 20.03.51
Jenildo Gusmao,3,apk nya seperti error kan saya sedang menonton g video di tiktok tapi kenapa setelah saya keluar dari apk TikToknya suara videonya tetap ada padahal saya sudah keluar dari aplikasi TikTok anehh bangat.,2025-09-28 17.28.04
Marwati Smi,5,alhamdulilah semenyjang saya punya akun tiktik saya merasa puas bangen ber belanyja atow lihat2 yang laennya sangat puas bangen terimakasih tiktok,2025-09-28 17.22.20
Dam Am,5,mantap,2025-09-28 11.33.41
Js Randi,5,seru banget,2025-09-28 09.36.14
Amagay Jhyter art,5,bagus,2025-09-28 07.25.57
Jhee Assis,5,🤍,2025-09-28 05.51.17
Símãø Pêdrø,5,tiktok bagus sekali,2025-09-28 05.25.05
Oliverio Campos,5,Perfect ))©®7,2025-09-28 03.57.28
Depa Depari,4,"lumayan bagus buat apk nya, tapi gabisa liat fitur komen foto",2025-09-27 17.13.49
Yu Ni,1,tkw malaysia,2025-09-26 23.53.07
Juragan Lauk,5,SANGAT MEBANTU&MENAMBAH PENGALAMAN,2025-09-26 14.44.17
ani vero,1,knp tiktok sya dah dua hri in gx bisa dibuka,2025-09-26 14.40.40
Mozha Silva,5,i love you tiktok,2025-09-26 10.47.52
Domingas P. Guterres,3,Tiktotnya bagus,2025-09-25 15.07.27
Ilhamdi Naila,1,"memang smakin babi tik tok ini,udah lemot di update pun ngabisin kuota bangke",2025-09-25 13.02.49
Ezu Nandes,5,ok bagus,2025-09-25 12.23.03
Cahaya Cinta,2,"To bad ,How come cannot use ?",2025-09-25 07.15.23
Litu Fortela,5,sangat cocok untuk saya Bagus seklai,2025-09-25 04.43.36
Mrayhan,5,bagus sekali,2025-09-24 21.44.12
关东煮,1,不给中国人用,2025-09-24 10.50.32
Lito Lito,5,tolonglah perbaikan titko,2025-09-24 04.46.37
anacleto guterres,5,bagus,2025-09-23 01.50.28
Hermenegildo Soares,5,Jo abia,2025-09-22 11.00.36
Timor Leste,5,bagus,2025-09-22 08.13.06
Nelson Da Cruz,5,Son,2025-09-21 19.29.18
Minarti Aini,1,"semakin di upgade semakin merajalela peringatannya,saya komen sedikit"" di kasih peringatan padahal saya berkomentar SOPAN",2025-09-21 17.25.12
Teresinha Santos,5,gguv.,2025-09-21 12.58.08
AFoNSo DaSiLvA,5,🌺♥️💋💐,2025-09-21 10.22.37
Nur Sidqi Prihantono,5,good,2025-09-21 09.41.53
Ary Arafah,1,"bug mulu gabisa dibuka,udah puluhan kali instal ulang gara"" bug gabisa dibuka,dev nya cuek ngaco bug gini aja gabisa dibenerin payah👎🤡",2025-09-20 20.42.20
Francisco Correia,5,saya suka dengan Aplikasi ini sangat bermanfaat sekali,2025-09-20 19.12.01
Ela gaby,5,sangat bagus,2025-09-20 14.04.06
Hamid Rahman,5,7y u,2025-09-20 12.43.11
Dionisia Da Conceicao,5,sangat bagus,2025-09-20 12.06.11
Noora Noora,5,bagus,2025-09-19 17.41.14
Hj kato Kato hj,1,tiktok aku tidak bisa terbuka,2025-09-19 16.08.01
Nenk Neti,5,Dengan tiktok aku tidak lagi stres dalam kerja,2025-09-19 14.34.00
Marta Devhy,1,kenpa tiktok tidak bisa kebuka,2025-09-19 13.49.17
Marco Freitas,5,Bagus ...,2025-09-19 13.39.36
Nanni,5,bagus,2025-09-18 10.24.33
Nelio Costa,5,tiktok masih yang terbaik,2025-09-18 09.59.53
Adam Jihan2025,5,good,2025-09-18 05.08.41
Arsih Dah,5,luar biasa,2025-09-17 22.43.43
Rahayu lia,5,sangat memuaskan,2025-09-17 22.20.38
kabiru ibrahim,5,Abdulwahab adamu,2025-09-17 21.13.46
fone yuni,1,"tiktok tidak berguna kalau mau ke tiktok tidak bisa katanya kesalahan jaringan padahal jaringannya baik"" ajah",2025-09-17 15.05.48
Khotijah Nursin,5,bagus sekali,2025-09-17 07.44.18
Martyn lay Barreto,5,tiktok sangat keren,2025-09-17 05.05.38
Pengguna Google,5,Razaqmallha,2025-09-16 20.38.29
Flaviano Bosco,5,bagus sekali,2025-09-16 17.48.22
Raquela Ramozia,5,Tiktok the best,2025-09-16 10.42.04
Dedi Tamara,5,😍🤩🥳,2025-09-16 08.50.04
Anisia Azifo Reinha,5,banyak orang yang paling sering ditemukan,2025-09-16 00.23.57
renmas,3,"bagus, cuman pas refresh fyp tuh kayak ga bekerja, ga seru semua anjj mana semua vt bahasa spanyol gjelas semua, gw maunya tuh yg trending di indo kyk velocity, meme, core dll gitu, bukan kek gitu anj, gw udah mencet tak tertarik berkali2 ga mempan2 jing, ga seru nih tiktod🫩🤢",2025-09-15 09.36.29
Lidia Eliza Martins gama,5,the beat,2025-09-14 07.56.02
md alal785,5,TikToik ok,2025-09-13 21.46.42
Gabe Gultom,1,mengapa akun saya tiba tiba tidak bisa log in.sudah diilapor dan masih aja tidak bida log in,2025-09-13 17.25.35
Metan Babu,5,Metan Banajho,2025-09-13 10.58.36
Ros Mawati,5,vidio tik tok tolong aktifkan,2025-09-13 00.44.01
Decha Firewall Z,5,kenapa versi asia gaada tiktok shopnya?,2025-09-12 18.50.50
Edvino Moreira Ferreira,1,edhy,2025-09-12 11.33.12
Mawar Merah,4,oke thnk,2025-09-12 06.48.12
Ken Ximenes,5,baguss,2025-09-11 14.14.44
Bytha Bytha,1,Bytha😘,2025-09-11 12.18.23
Sisuk Ecko,5,bagus sekali,2025-09-11 02.47.54
Francisco Boro,5,madefacar,2025-09-10 07.55.22
Luis Nougeira,5,saya suka aplikasi ini,2025-09-10 00.37.24
Anay Svn,5,saya sangat suka,2025-09-09 18.34.22
Antao Unimok,4,Keren keren,2025-09-09 14.12.28
Manesl santos Manel,5,Manual santos Manel,2025-09-09 01.15.07
Albino Costa,5,good,2025-09-08 16.03.18
folvio Carvalho,5,mantap,2025-09-08 15.31.18
Taniri,5,ok.,2025-09-08 05.59.01
Junior Teixeirapinto,3,Timor oecusse Tono Quiumina,2025-09-08 01.07.52
Bintang Fizy,4,bagus si tapi ngeleg,2025-09-08 00.21.50
Erma Yana,5,sangat bangus,2025-09-07 15.08.13
Nana heldian,5,Aplikasi ini juga banyak ngebantu para Afiliate untuk mendapat kan cuan ..semoga ku bisa mendapatkan cuan dari Tik tok,2025-09-07 10.48.01
Santo Alamsolokfood,5,mntap,2025-09-07 09.56.10
Maria de Fatima E Costa,5,versi resmi,2025-09-05 21.51.13
Cinta Kasikasi,5,sangat bagus,2025-09-05 10.09.10
Leao Parada,5,god app,2025-09-05 00.28.50
Muhammaddaniall,1,matiin live ye,2025-09-04 02.53.58
Mustafidah tarmidi Tarmidi,1,lemot,2025-09-03 19.16.39
bunda Salwa,5,ok,2025-09-03 17.12.10
ARIF KEMBIRI,1,Tambahkan fitur percepatan 3x dan 4x,2025-09-03 15.06.51
Aden Almaazmi,1,gak bisa masukin tanggal lahir alasan nya katanya si maaf anda Tidak memenuhi syarat,2025-09-03 07.55.06
Sahrul Mase,1,tidak bisa nonton mala muter²,2025-09-03 05.55.10
تىي تلب,4,Yayah anak banten8 sahriyah,2025-09-03 05.43.25
Rachel Rachel,5,aplikasi yang sangat bagus tapi knp aku selalu memposting video udah ku mengikuti peraturan knp hanya sedikit yang nonton gak kayak dulu 🥲,2025-09-02 23.37.00
ahyar Video,1,"yang punya tiktok, tidak punya pendirian, membela koruptor,,😈",2025-09-02 20.59.12
Sri Defy,1,fitul like hilang respek kami juga hilang,2025-09-02 20.55.16
sugeng aov,1,heheheheheh,2025-09-02 17.50.02
Arip Hidayat,5,👍👍👍👍👍,2025-09-02 15.18.00
Rendy Muhamad,1,🫢🫢🫢🫢,2025-09-02 12.49.51
Fredy Cardoso,5,bagus banget,2025-09-02 10.45.45
Kurotul Aini2004,1,sumpah Gedeg banget gua SM ni tiktok yang lain update vidio yang sama g kenak pelanggaran lah gua kenak pelanggaran dan ad beberapa komentar orang yang bisa menimbulkan pertengkaran tidak kenak pelanggaran sedangkan gua sudah berkomentar dengan bijak pun tetap kenak pelanggaran dasar tiktok gaje,2025-09-02 10.29.35
Koko Brenda,1,tiktok makin hari makin rusak aja.,2025-09-02 10.03.01
BAY17,1,kembalikan vitur live,2025-09-02 08.05.40
Baaraka Store,1,"live tiktok ga bisaaa, bantu rating satu biar kapok !",2025-09-02 07.38.20
Bintang Mandiri 99,1,"tidak bisa live,Wil INA",2025-09-02 07.25.15
Soni wibowo,1,"udh GK bisa live, males",2025-09-02 06.26.37
Egy Wahyuda,1,JELEK BANGET ANJG MENDING DONWLOAD SNACK VIDIO,2025-09-02 05.52.50
Muh. Faisal,1,Fitur live nya mana,2025-09-02 05.30.48
Texsas Julak,1,"dampaknya kekita juga,,,sitttt",2025-09-02 04.26.37
Dian Prasetyo,1,gaseru,2025-09-02 03.47.23
Pengguna Google,1,apk tololl,2025-09-02 03.00.56
arya kamadanu,1,kenapa hilang fitur live nya,2025-09-02 02.17.00
EDUS Official,1,kualitas jelek,2025-09-02 02.09.03
eca dili saputri,1,BUKA FITUR LIVE NYA YA MEKK,2025-09-02 00.16.57
Sukirman Kirman,5,mantap,2025-09-01 22.50.02
Si Fix,1,gampang di bungkam pemerintah Indonesia,2025-09-01 21.28.47
Sekar Davira,1,"Saran dari sya,tolong MB nya dikurangkan",2025-09-01 19.52.48
Udin 41,1,revolusi,2025-09-01 19.31.49
Rahmanda Dwika Gusti Ardiansyah,1,najis,2025-09-01 18.12.14
Sumaya A,1,ga bisa live,2025-09-01 16.45.57
Acep Sutrisno,1,Tik Tok tidak profesional dan tidak mempertahankan konsep dari promosi agar pelayanan konsumen merasa puas,2025-09-01 16.29.45
Alianca Rego,5,Apk bagus,2025-09-01 15.54.23
Muhamad Alip,1,tiktok wilayah indonsia,2025-09-01 15.49.51
TOTO,5,sangat bagus dan sangat menghibur.,2025-09-01 15.01.53
Faridy Salman,1,"ikut campur urusan orang lain, peanut gak bisa live",2025-09-01 14.26.58
Alfiardana 12,1,jelek,2025-09-01 13.56.21
Doni Kust,1,"tidak bisa live, lemot kadang suka nutup sendiri app nya.",2025-09-01 13.22.49
iip musonip650,1,live di hps,2025-09-01 13.12.57
Ummy Kayla,1,GK respeck,2025-09-01 12.01.04
Sulaiman official (Emong),1,fitur live hilang di wilayah Indonesia 🙏,2025-09-01 11.54.42
Rennofan Aprilliano,1,ga bisa live,2025-09-01 11.54.33
Sarjianti Maia,5,keren,2025-09-01 11.47.35
Unwan Faziadi,1,tiktok dibayar berapa sih sampe filtur live ditutup,2025-09-01 11.13.17
ARIF GAMING,1,Tiktok Terindikasi Ikut Membungkam Rakyat...Aplikasi Penakut Tidak layak masuk Indonesia,2025-09-01 09.45.34
Mbie Fitria,5,membantu menemukan kluarga saya yang lama tak kunjung bertemu,2025-09-01 09.13.42
rynFrmnSyh,1,tidak bisa live,2025-09-01 09.12.48
syamsul Majid,1,kurang puas,2025-09-01 09.11.05
Akbar Alpiansah,1,fitur live hilang di indonesia,2025-09-01 08.45.12
Ahmad Sholeh,1,akses live di blokir di indonesia,2025-09-01 08.18.58
Hayati,1,tidak bisa live,2025-09-01 08.15.26
Zulfikar M,1,gak bisa live,2025-09-01 08.13.17
Yuli N,1,👍👍👍👍👍,2025-09-01 07.42.58
Zaenudin Zm,1,saya tida bisa live,2025-09-01 07.11.10
onomotua mado hia,1,hanya gara2 demo knp live akan di hilang kan,2025-09-01 06.57.55
Dendy Afriandi,1,lol mau aja di atur pemrintah,2025-09-01 06.37.16
Boedixx Orion,1,kenapa menu live streaming tidak bisa dibuka,2025-09-01 06.32.57
Lingling Cat,1,KACUNG PEMERINTAH,2025-09-01 06.32.40
Maz Mus,1,tik tok tidak bisa live lagi . di bayar pemeritah,2025-09-01 06.13.31
Suno Ngah,1,fitur live tiktok dihapus sepihak,2025-09-01 05.43.32
M. Reza Kurniawan,1,live tiktok tidak ada,2025-09-01 05.25.38
Aldy Ananda,1,aktifkan fitur live di indonesia,2025-09-01 05.24.07
R BD,1,apk busuk gada live,2025-09-01 05.23.28
Yeyen Shaqa,1,aplikasi bg sattttt tidak bisa live,2025-09-01 04.58.38
BarBaQue,1,fitur livenya malah dihapus.gajelas,2025-09-01 04.42.09
Zhusqi Dilaga,1,Males Pro DPR dengan nonaktifkan live di Indonesia. membukam media.,2025-09-01 04.12.14
supriyantoro,1,ga berimabang,2025-09-01 04.10.39
Silfa MakeUp,1,kembalikan live,2025-09-01 04.01.15
Mudifir,1,SAYA BARU PASANG APLIKASI INI TERNYATA TIDAK BISA LIVE APLIKASI SAMPAH,2025-09-01 02.26.31
Tony Simbolon,1,kacung pemerintah,2025-09-01 02.02.11
Ahmad Zainuri,1,buruk tiktok,2025-09-01 01.42.45
buyuang caruak,1,tiktok berpihak ke pemerintah,2025-09-01 01.11.17
mas luqem,1,sampah,2025-09-01 00.14.44
AZPedia Store,1,apk dongo,2025-08-31 23.11.56
Edi Pramono,1,knapa sering keluar sendiri waktu buka,2025-08-31 22.58.13
Marisha Marisha,1,Berpihak pada yang berhak dibela emang kadang terlihat gak se menarik dan se untung berpihak pada yang salah.. tapi boleh lah ya bijak sikit🙃,2025-08-31 22.26.41
file Pebri,1,"pengecut, pembela yg salah, live hilang",2025-08-31 21.47.44
Junaedi chanel,1,gk bisa di buat live,2025-08-31 20.08.24
Obby Shadega,1,aplikasi penghianat,2025-08-31 20.07.25
Andria Setiajaya,1,"jelek lah, ga jelas",2025-08-31 19.29.42
wong deso,1,aplikasi makin buruk gk bisa live ...buat apa klo gk bisa liveee ...,2025-08-31 19.12.49
Maya Aulia,1,Gak jelas banget nih aplikasi tiba2 ke hapus sendiri 👎🏻 fitur live nya juga di non aktif kan haduhhh gimana mau jualan,2025-08-31 18.47.35
Amoy Facebook Indonesia,1,I was not happy when the TikTok live fixture was removed in Indonesia.,2025-08-31 18.42.50
Lilac Amaria,1,Kacung Pemerintah,2025-08-31 18.25.55
Home,1,"tiba² fitur livenya d non aktif kan,dan sering ngleg juga sudah d keluarin tp suara masih ada kan aneh",2025-08-31 18.03.31
Heris Heris,1,"kacung pemerintah.,.",2025-08-31 18.01.52
Adi Les,1,buka live'nya woy.,2025-08-31 17.50.47
Tepizkan Laraqu,1,"fitur live hilang di Indonesia "" tik tok dibayar berapa oleh pejabat Indonesia",2025-08-31 17.45.50
Hupni Tami,1,kenapa live dihilangkan saat demo di indonesia,2025-08-31 17.14.39
Deli Nasution,1,👎👎👎,2025-08-31 16.57.58
Chika Caca,1,tiktok busuk,2025-08-31 16.57.07
Neng Oneng,1,tiktok Indonesia down,2025-08-31 16.41.29
Hafish Dzaky Zahran,1,fitur live hilang,2025-08-31 16.24.41
Puji Astuti,1,suka tapi akhir akhir ini selalu loading😪,2025-08-31 16.09.22
Abil Rafi,1,"yang bener aja, Live'nya ilang, mau aja dibungkam",2025-08-31 16.04.23
Zidney Kusuma,1,fitur live sering di baned tidak jelas. sering take down konten2 pendidikan,2025-08-31 16.03.17
Rojul Edi,1,"No good, no live streaming",2025-08-31 15.42.45
Arfan ramadani,1,Buruk,2025-08-31 15.37.07
wilfridus aditya,1,tidak bisa live untuk server indo,2025-08-31 15.04.12
Erna Wati,1,live di matikan,2025-08-31 14.33.52
Ahim Maulana,1,parah banget nih tiktok sekarang,2025-08-31 14.32.09
Sakiyahfaaz Asyafi,1,sangatt buruk,2025-08-31 14.02.08
Mr. Puthin,1,"This app has become a tool to silence the truth in the corrupt Indonesian government. TikTok has removed the live feature in Indonesia. Silencing the truth about the violence perpetrated by Indonesian police against its citizens who are fighting against an arbitrary government, strangling them with taxes, and other such acts. Indonesia is a democracy, meaning that sovereignty rests with the people, not an arbitrary and corrupt government.",2025-08-31 13.42.04
Andrini Rosa Putri Siregar,1,tidak berguna,2025-08-31 12.38.24
Muh Yusuf Zulkarnain,1,fitur live hilang di Indonesia,2025-08-31 12.16.19
Zayrie z,1,Live tiktok knapa di matikan di indonesia??,2025-08-31 12.05.16
Bimo Ireng70,1,kacauuuuuuuuu,2025-08-31 11.52.17
Fatih Muhammad,1,performing live is not possible,2025-08-31 11.44.47
Ronal Potret,1,Kacung pemerintah,2025-08-31 11.36.50
Eddi Junaedi,1,fitur live ilang,2025-08-31 11.34.27
Eshoo queen,1,tidak bisa live,2025-08-31 11.27.39
Faas Faas,1,fitur live kenapa di matiin sihh 😡,2025-08-31 10.45.32
Ronaldo Kaban,1,fitur live di Indonesia hilang,2025-08-31 10.26.59
Kang Beno,1,"gak tanggung jawab,kalo kesalahan kecil,contoh merokok pl,knapa tiktok sendiri gak adil.platfotm apaan.jelS banyak di rugikan tiktok pun juga rugi.tutup aja platform nya",2025-08-31 09.38.19
randie Priatna,1,ga ada live,2025-08-31 09.23.02
Kreti Alberthus,1,fitur live hilang di Indonesia,2025-08-31 09.11.26
Jainul Brawijaya,1,"Kenapa akun saya fitur live nya hilang, sedangkan saya berada di Brunei darusalam, bukan di indonesia",2025-08-31 08.48.22
Farel Habiburrahman,1,nggak bisa live,2025-08-31 08.21.22
Rendy Triananda,1,rakyat dibungkam,2025-08-31 04.30.44
BOTH ACCOUNT,1,tidak bisa live,2025-08-31 03.46.06
cekil xd,1,Buruk,2025-08-31 03.37.05
Rayhan Darmawan,1,tolo1 ga bisa live,2025-08-31 03.27.27
Dewisri widowati,1,mau aja di atur pemerintah kocak kocak,2025-08-31 02.59.15
Calung Harapan mekar,1,buka fitur live blok,2025-08-31 02.43.55
Selly Chan,1,apasih? ada apknya tapi disuruh instal lg,2025-08-31 02.22.54
Iyan Sugiyan,1,fitur live streming di matikan ketika ada unjuk rasa di gedung parlemen pemerintahan indonesia,2025-08-31 01.57.58
Ubrera74,5,The best,2025-08-31 01.39.52
Sidonia Gimarais,5,tiktok sangat bermanfat Karna bisa belajar sesuatu di sanaa,2025-08-31 01.38.16
pedoWww 01,1,ngelag bgt ini apl,2025-08-31 01.32.32
febi agustin,1,apk ga jls,2025-08-31 01.30.17
amoeba channel,1,tiktok dukung dpr,2025-08-31 01.23.06
Choco Chips,1,tidak bisa live,2025-08-31 00.42.30
Nekad Traveler,1,banyak bug,2025-08-31 00.32.36
Farha Dina6,1,"bisa"" nya bungkam terhadap pendemo....",2025-08-31 00.29.23
Kiki Aprianingsih,1,kacung pemerintah,2025-08-31 00.17.26
Tomo Selamet,1,jangan sembunyikan apa yang terjadi di indonesia biarkan dunia melihat seperti apa hasil dari pemerintahan indonesia,2025-08-30 23.55.23
INISIAL B,1,di suruh blokir live cepet banget. giliran suruh blokir situs judi online ber abad2,2025-08-30 23.44.29
Raeyza Desmo,1,disaat menyerukan keadilan tiktok memblokir live di sluruh indonesia. kami ingin hak kami di dengar oleh dpr.,2025-08-30 23.36.38
Rizz Pratama,1,membungkam rakyat,2025-08-30 23.21.47
Mayan mayan,1,mana live nya..,2025-08-30 22.13.44
Ari Setiawati,1,kasih bintang 1 karena mendukung para tikus² yang ada di Indonesia.,2025-08-30 21.45.22
Agus Prahmono,1,sangat tidak relevan,2025-08-30 21.37.02
Devi Damayanti,1,parah ga bisa live,2025-08-30 21.07.18
Herry Hiunarto,1,aplikasi sampah,2025-08-30 20.12.51
Aina Cempaka,5,bagus sekali,2025-08-30 20.01.47
Jose Beto,1,Aplikasi nya ga bagus di region kami gabisa live,2025-08-30 19.48.56
Mohamad Saddam Soleh,1,tolong untuk mengaktifkan layanan live lagi di negara indonesia,2025-08-30 19.32.59
Aiswarya _,1,30 Agustus hari dimana live tiktok dan aplikasi lainnya di nonaktifkan secara paksa!!,2025-08-30 19.09.15